user_id,signup_date,country,device
1,2024-01-21,US,desktop
2,2024-01-08,US,desktop
3,2024-01-22,CA,mobile
4,2024-01-19,US,mobile
5,2024-01-07,US,desktop
6,2024-01-18,US,desktop
7,2024-01-18,US,mobile
8,2024-01-09,CA,mobile
9,2024-01-26,US,mobile
10,2024-01-09,US,tablet
11,2024-01-11,US,mobile
12,2024-01-12,CA,desktop
13,2024-01-26,US,mobile
14,2024-01-04,DE,mobile
15,2024-01-18,US,desktop
16,2024-01-29,AU,desktop
17,2024-01-23,US,desktop
18,2024-01-25,US,mobile
19,2024-01-08,AU,mobile
20,2024-01-15,UK,mobile
21,2024-01-12,US,desktop
22,2024-01-23,AU,desktop
23,2024-01-20,UK,mobile
24,2024-01-08,US,mobile
25,2024-01-30,UK,desktop
26,2024-01-22,US,desktop
27,2024-01-02,US,mobile
28,2024-01-11,US,mobile
29,2024-01-30,AU,desktop
30,2024-01-11,US,mobile
31,2024-01-29,AU,mobile
32,2024-01-09,US,desktop
33,2024-01-18,US,desktop
34,2024-01-29,UK,mobile
35,2024-01-05,UK,mobile
36,2024-01-02,AU,mobile
37,2024-01-06,CA,mobile
38,2024-01-03,US,desktop
39,2024-01-15,UK,tablet
40,2024-01-28,AU,desktop
41,2024-01-04,UK,mobile
42,2024-01-09,CA,mobile
43,2024-01-10,US,mobile
44,2024-01-24,AU,mobile
45,2024-01-17,CA,mobile
46,2024-01-04,AU,mobile
47,2024-01-21,UK,mobile
48,2024-01-12,CA,mobile
49,2024-01-25,AU,tablet
50,2024-01-20,US,mobile
51,2024-01-30,US,tablet
52,2024-01-26,US,mobile
53,2024-01-29,UK,mobile
54,2024-01-24,US,mobile
55,2024-01-25,UK,mobile
56,2024-01-22,US,mobile
57,2024-01-09,UK,desktop
58,2024-01-07,AU,desktop
59,2024-01-23,US,mobile
60,2024-01-22,UK,mobile
61,2024-01-17,US,mobile
62,2024-01-03,US,desktop
63,2024-01-08,UK,mobile
64,2024-01-23,UK,mobile
65,2024-01-29,US,mobile
66,2024-01-17,US,desktop
67,2024-01-07,UK,desktop
68,2024-01-29,UK,mobile
69,2024-01-26,US,mobile
70,2024-01-04,US,mobile
71,2024-01-14,US,desktop
72,2024-01-02,UK,tablet
73,2024-01-04,US,desktop
74,2024-01-26,AU,mobile
75,2024-01-07,UK,mobile
76,2024-01-06,US,mobile
77,2024-01-30,US,desktop
78,2024-01-28,UK,mobile
79,2024-01-18,CA,tablet
80,2024-01-30,CA,mobile
81,2024-01-14,US,mobile
82,2024-01-13,AU,mobile
83,2024-01-01,DE,mobile
84,2024-01-26,CA,mobile
85,2024-01-23,DE,tablet
86,2024-01-18,UK,mobile
87,2024-01-07,US,tablet
88,2024-01-19,CA,mobile
89,2024-01-11,US,desktop
90,2024-01-17,AU,mobile
91,2024-01-02,DE,mobile
92,2024-01-06,US,mobile
93,2024-01-28,US,mobile
94,2024-01-29,UK,desktop
95,2024-01-02,UK,mobile
96,2024-01-19,UK,mobile
97,2024-01-09,US,desktop
98,2024-01-08,US,mobile
99,2024-01-21,US,mobile
100,2024-01-25,AU,mobile
101,2024-01-20,DE,tablet
102,2024-01-03,UK,mobile
103,2024-01-05,AU,desktop
104,2024-01-29,US,mobile
105,2024-01-15,CA,desktop
106,2024-01-20,DE,desktop
107,2024-01-17,US,desktop
108,2024-01-10,AU,mobile
109,2024-01-29,US,mobile
110,2024-01-04,CA,mobile
111,2024-01-10,UK,desktop
112,2024-01-07,UK,desktop
113,2024-01-17,US,tablet
114,2024-01-28,US,desktop
115,2024-01-27,US,mobile
116,2024-01-25,US,tablet
117,2024-01-06,CA,desktop
118,2024-01-14,UK,mobile
119,2024-01-29,UK,mobile
120,2024-01-02,CA,desktop
121,2024-01-05,US,mobile
122,2024-01-12,AU,desktop
123,2024-01-28,US,mobile
124,2024-01-22,US,mobile
125,2024-01-25,UK,desktop
126,2024-01-20,CA,tablet
127,2024-01-08,AU,tablet
128,2024-01-26,US,mobile
129,2024-01-06,CA,mobile
130,2024-01-30,US,desktop
131,2024-01-24,CA,mobile
132,2024-01-26,CA,mobile
133,2024-01-02,AU,mobile
134,2024-01-27,AU,mobile
135,2024-01-27,CA,mobile
136,2024-01-01,UK,mobile
137,2024-01-09,AU,tablet
138,2024-01-09,US,mobile
139,2024-01-22,DE,mobile
140,2024-01-01,US,tablet
141,2024-01-06,UK,tablet
142,2024-01-02,US,mobile
143,2024-01-24,CA,mobile
144,2024-01-17,US,desktop
145,2024-01-07,US,desktop
146,2024-01-01,UK,desktop
147,2024-01-22,CA,desktop
148,2024-01-22,US,mobile
149,2024-01-22,AU,desktop
150,2024-01-22,CA,desktop
151,2024-01-10,UK,desktop
152,2024-01-11,US,mobile
153,2024-01-05,US,desktop
154,2024-01-13,UK,tablet
155,2024-01-20,UK,mobile
156,2024-01-27,US,mobile
157,2024-01-14,CA,desktop
158,2024-01-11,US,mobile
159,2024-01-07,UK,desktop
160,2024-01-26,CA,desktop
161,2024-01-10,UK,desktop
162,2024-01-11,US,tablet
163,2024-01-08,UK,mobile
164,2024-01-07,US,mobile
165,2024-01-16,UK,desktop
166,2024-01-15,US,desktop
167,2024-01-07,CA,mobile
168,2024-01-13,US,desktop
169,2024-01-01,AU,desktop
170,2024-01-29,US,mobile
171,2024-01-06,CA,desktop
172,2024-01-15,US,mobile
173,2024-01-28,US,mobile
174,2024-01-15,UK,tablet
175,2024-01-20,US,desktop
176,2024-01-15,UK,desktop
177,2024-01-17,US,tablet
178,2024-01-15,AU,desktop
179,2024-01-16,US,desktop
180,2024-01-27,UK,desktop
181,2024-01-17,US,mobile
182,2024-01-15,US,mobile
183,2024-01-09,US,desktop
184,2024-01-03,US,mobile
185,2024-01-23,US,mobile
186,2024-01-14,US,mobile
187,2024-01-14,US,desktop
188,2024-01-13,AU,desktop
189,2024-01-23,US,desktop
190,2024-01-19,US,mobile
191,2024-01-12,US,mobile
192,2024-01-29,DE,mobile
193,2024-01-24,CA,desktop
194,2024-01-29,US,mobile
195,2024-01-14,US,mobile
196,2024-01-22,UK,mobile
197,2024-01-06,CA,tablet
198,2024-01-20,UK,tablet
199,2024-01-19,UK,mobile
200,2024-01-21,US,desktop
201,2024-01-06,US,mobile
202,2024-01-07,US,mobile
203,2024-01-29,US,desktop
204,2024-01-27,US,desktop
205,2024-01-16,US,mobile
206,2024-01-12,US,mobile
207,2024-01-21,US,mobile
208,2024-01-08,US,mobile
209,2024-01-05,US,mobile
210,2024-01-04,UK,mobile
211,2024-01-23,US,mobile
212,2024-01-20,UK,desktop
213,2024-01-04,CA,mobile
214,2024-01-10,US,mobile
215,2024-01-10,UK,tablet
216,2024-01-13,US,desktop
217,2024-01-03,UK,desktop
218,2024-01-08,US,desktop
219,2024-01-28,UK,desktop
220,2024-01-26,DE,desktop
221,2024-01-12,UK,desktop
222,2024-01-03,UK,mobile
223,2024-01-28,US,mobile
224,2024-01-14,DE,desktop
225,2024-01-27,US,mobile
226,2024-01-06,CA,tablet
227,2024-01-09,UK,tablet
228,2024-01-25,US,mobile
229,2024-01-24,UK,mobile
230,2024-01-08,CA,mobile
231,2024-01-29,US,desktop
232,2024-01-19,UK,mobile
233,2024-01-01,US,mobile
234,2024-01-16,US,desktop
235,2024-01-11,US,desktop
236,2024-01-29,US,mobile
237,2024-01-07,US,desktop
238,2024-01-16,UK,mobile
239,2024-01-16,UK,mobile
240,2024-01-26,US,mobile
241,2024-01-13,UK,mobile
242,2024-01-19,US,desktop
243,2024-01-12,US,desktop
244,2024-01-11,US,mobile
245,2024-01-10,US,mobile
246,2024-01-07,US,desktop
247,2024-01-25,UK,mobile
248,2024-01-24,US,desktop
249,2024-01-25,UK,mobile
250,2024-01-04,CA,mobile
251,2024-01-12,US,mobile
252,2024-01-18,US,mobile
253,2024-01-02,UK,desktop
254,2024-01-05,UK,desktop
255,2024-01-04,AU,desktop
256,2024-01-16,US,mobile
257,2024-01-02,US,desktop
258,2024-01-04,CA,mobile
259,2024-01-03,UK,desktop
260,2024-01-05,US,desktop
261,2024-01-10,US,mobile
262,2024-01-18,CA,desktop
263,2024-01-26,UK,desktop
264,2024-01-13,US,mobile
265,2024-01-28,UK,mobile
266,2024-01-19,UK,desktop
267,2024-01-24,US,desktop
268,2024-01-21,US,desktop
269,2024-01-06,US,desktop
270,2024-01-06,US,mobile
271,2024-01-20,US,mobile
272,2024-01-10,CA,desktop
273,2024-01-15,US,mobile
274,2024-01-09,CA,desktop
275,2024-01-22,CA,mobile
276,2024-01-04,UK,desktop
277,2024-01-30,US,mobile
278,2024-01-02,US,mobile
279,2024-01-24,CA,tablet
280,2024-01-15,US,desktop
281,2024-01-23,US,mobile
282,2024-01-18,US,mobile
283,2024-01-02,AU,desktop
284,2024-01-20,US,mobile
285,2024-01-22,CA,desktop
286,2024-01-01,DE,desktop
287,2024-01-09,UK,desktop
288,2024-01-06,US,desktop
289,2024-01-30,US,tablet
290,2024-01-14,UK,mobile
291,2024-01-03,US,mobile
292,2024-01-11,UK,desktop
293,2024-01-11,US,mobile
294,2024-01-22,AU,desktop
295,2024-01-18,US,mobile
296,2024-01-09,US,tablet
297,2024-01-13,AU,desktop
298,2024-01-01,UK,mobile
299,2024-01-14,US,mobile
300,2024-01-20,CA,desktop
301,2024-01-25,US,mobile
302,2024-01-05,AU,mobile
303,2024-01-23,US,mobile
304,2024-01-21,UK,mobile
305,2024-01-06,US,mobile
306,2024-01-14,US,tablet
307,2024-01-30,US,tablet
308,2024-01-21,CA,mobile
309,2024-01-23,US,desktop
310,2024-01-14,CA,tablet
311,2024-01-08,US,mobile
312,2024-01-07,AU,mobile
313,2024-01-29,US,mobile
314,2024-01-25,CA,mobile
315,2024-01-30,CA,mobile
316,2024-01-01,US,mobile
317,2024-01-19,UK,desktop
318,2024-01-28,US,mobile
319,2024-01-12,US,desktop
320,2024-01-13,US,mobile
321,2024-01-07,DE,mobile
322,2024-01-13,US,desktop
323,2024-01-02,US,mobile
324,2024-01-30,CA,mobile
325,2024-01-22,CA,desktop
326,2024-01-05,US,mobile
327,2024-01-17,DE,mobile
328,2024-01-04,AU,mobile
329,2024-01-17,AU,mobile
330,2024-01-05,US,desktop
331,2024-01-05,US,desktop
332,2024-01-09,US,desktop
333,2024-01-21,US,mobile
334,2024-01-22,AU,mobile
335,2024-01-11,UK,desktop
336,2024-01-16,AU,mobile
337,2024-01-03,US,desktop
338,2024-01-10,DE,desktop
339,2024-01-14,DE,desktop
340,2024-01-23,AU,mobile
341,2024-01-23,US,mobile
342,2024-01-11,CA,mobile
343,2024-01-12,US,mobile
344,2024-01-14,UK,desktop
345,2024-01-06,US,desktop
346,2024-01-13,UK,mobile
347,2024-01-30,UK,mobile
348,2024-01-21,US,mobile
349,2024-01-01,AU,mobile
350,2024-01-10,UK,mobile
351,2024-01-15,AU,tablet
352,2024-01-10,UK,mobile
353,2024-01-09,US,mobile
354,2024-01-13,AU,mobile
355,2024-01-13,UK,desktop
356,2024-01-23,US,tablet
357,2024-01-22,US,mobile
358,2024-01-28,UK,desktop
359,2024-01-02,AU,desktop
360,2024-01-27,AU,mobile
361,2024-01-26,US,desktop
362,2024-01-08,UK,desktop
363,2024-01-22,CA,desktop
364,2024-01-22,CA,desktop
365,2024-01-29,UK,mobile
366,2024-01-26,US,desktop
367,2024-01-24,US,tablet
368,2024-01-11,CA,mobile
369,2024-01-05,CA,desktop
370,2024-01-12,UK,tablet
371,2024-01-27,US,tablet
372,2024-01-16,DE,mobile
373,2024-01-28,US,mobile
374,2024-01-03,US,tablet
375,2024-01-28,UK,desktop
376,2024-01-13,DE,desktop
377,2024-01-12,US,mobile
378,2024-01-09,UK,mobile
379,2024-01-22,CA,mobile
380,2024-01-13,CA,tablet
381,2024-01-04,UK,mobile
382,2024-01-20,AU,desktop
383,2024-01-30,UK,desktop
384,2024-01-21,CA,tablet
385,2024-01-10,UK,mobile
386,2024-01-02,AU,mobile
387,2024-01-16,US,mobile
388,2024-01-18,US,mobile
389,2024-01-22,AU,desktop
390,2024-01-18,US,desktop
391,2024-01-05,AU,desktop
392,2024-01-27,US,mobile
393,2024-01-09,US,mobile
394,2024-01-15,US,mobile
395,2024-01-12,US,desktop
396,2024-01-18,AU,desktop
397,2024-01-02,US,mobile
398,2024-01-04,AU,desktop
399,2024-01-03,UK,desktop
400,2024-01-20,DE,mobile
401,2024-01-11,US,mobile
402,2024-01-19,US,desktop
403,2024-01-18,US,mobile
404,2024-01-28,US,desktop
405,2024-01-26,AU,mobile
406,2024-01-28,DE,tablet
407,2024-01-18,US,mobile
408,2024-01-22,AU,mobile
409,2024-01-12,CA,mobile
410,2024-01-11,US,mobile
411,2024-01-05,CA,mobile
412,2024-01-24,US,mobile
413,2024-01-12,UK,mobile
414,2024-01-17,US,desktop
415,2024-01-24,CA,desktop
416,2024-01-17,US,desktop
417,2024-01-01,US,mobile
418,2024-01-13,US,mobile
419,2024-01-23,AU,mobile
420,2024-01-03,US,mobile
421,2024-01-05,US,desktop
422,2024-01-18,CA,mobile
423,2024-01-20,UK,mobile
424,2024-01-20,US,desktop
425,2024-01-04,AU,desktop
426,2024-01-25,UK,desktop
427,2024-01-14,US,mobile
428,2024-01-11,CA,mobile
429,2024-01-24,US,mobile
430,2024-01-22,US,tablet
431,2024-01-22,AU,mobile
432,2024-01-27,US,mobile
433,2024-01-24,CA,desktop
434,2024-01-18,US,tablet
435,2024-01-18,US,mobile
436,2024-01-12,AU,tablet
437,2024-01-14,AU,desktop
438,2024-01-10,UK,mobile
439,2024-01-19,UK,mobile
440,2024-01-16,US,mobile
441,2024-01-28,UK,mobile
442,2024-01-09,UK,desktop
443,2024-01-28,UK,desktop
444,2024-01-20,UK,desktop
445,2024-01-01,UK,desktop
446,2024-01-23,US,mobile
447,2024-01-23,CA,tablet
448,2024-01-12,US,desktop
449,2024-01-19,UK,mobile
450,2024-01-24,UK,mobile
451,2024-01-24,UK,mobile
452,2024-01-15,US,mobile
453,2024-01-24,US,tablet
454,2024-01-20,US,mobile
455,2024-01-06,CA,mobile
456,2024-01-03,US,desktop
457,2024-01-16,UK,mobile
458,2024-01-07,CA,mobile
459,2024-01-14,US,desktop
460,2024-01-19,US,desktop
461,2024-01-02,US,tablet
462,2024-01-02,US,mobile
463,2024-01-07,CA,desktop
464,2024-01-10,US,mobile
465,2024-01-24,US,mobile
466,2024-01-18,CA,mobile
467,2024-01-27,UK,mobile
468,2024-01-13,AU,mobile
469,2024-01-01,US,mobile
470,2024-01-11,UK,desktop
471,2024-01-23,UK,mobile
472,2024-01-13,US,mobile
473,2024-01-26,AU,mobile
474,2024-01-23,AU,mobile
475,2024-01-28,US,mobile
476,2024-01-13,UK,mobile
477,2024-01-10,CA,mobile
478,2024-01-25,US,mobile
479,2024-01-04,UK,mobile
480,2024-01-25,US,desktop
481,2024-01-27,UK,mobile
482,2024-01-04,US,mobile
483,2024-01-20,US,desktop
484,2024-01-03,US,desktop
485,2024-01-16,US,desktop
486,2024-01-19,US,tablet
487,2024-01-19,UK,tablet
488,2024-01-11,AU,desktop
489,2024-01-05,US,mobile
490,2024-01-21,US,mobile
491,2024-01-02,US,mobile
492,2024-01-15,US,mobile
493,2024-01-27,US,desktop
494,2024-01-28,US,desktop
495,2024-01-13,US,desktop
496,2024-01-26,CA,mobile
497,2024-01-30,CA,desktop
498,2024-01-11,UK,mobile
499,2024-01-02,US,desktop
500,2024-01-27,US,desktop
501,2024-01-17,UK,mobile
502,2024-01-23,US,mobile
503,2024-01-17,UK,mobile
504,2024-01-30,US,mobile
505,2024-01-11,UK,mobile
506,2024-01-21,UK,mobile
507,2024-01-04,UK,mobile
508,2024-01-09,CA,desktop
509,2024-01-30,UK,mobile
510,2024-01-03,UK,mobile
511,2024-01-12,US,desktop
512,2024-01-22,US,desktop
513,2024-01-03,US,mobile
514,2024-01-26,US,mobile
515,2024-01-23,CA,desktop
516,2024-01-22,AU,mobile
517,2024-01-22,US,mobile
518,2024-01-12,US,tablet
519,2024-01-11,AU,mobile
520,2024-01-08,DE,mobile
521,2024-01-10,CA,mobile
522,2024-01-25,UK,desktop
523,2024-01-17,US,mobile
524,2024-01-25,UK,desktop
525,2024-01-05,US,desktop
526,2024-01-25,UK,tablet
527,2024-01-24,US,mobile
528,2024-01-22,CA,tablet
529,2024-01-20,US,desktop
530,2024-01-15,US,mobile
531,2024-01-26,CA,tablet
532,2024-01-07,US,tablet
533,2024-01-15,US,mobile
534,2024-01-13,UK,mobile
535,2024-01-06,CA,desktop
536,2024-01-05,AU,mobile
537,2024-01-16,AU,desktop
538,2024-01-04,CA,mobile
539,2024-01-04,US,desktop
540,2024-01-09,US,mobile
541,2024-01-27,US,tablet
542,2024-01-08,CA,desktop
543,2024-01-30,US,mobile
544,2024-01-17,US,mobile
545,2024-01-03,US,mobile
546,2024-01-30,US,desktop
547,2024-01-11,CA,mobile
548,2024-01-10,AU,mobile
549,2024-01-27,US,desktop
550,2024-01-15,UK,tablet
551,2024-01-01,US,desktop
552,2024-01-18,AU,desktop
553,2024-01-14,US,mobile
554,2024-01-10,US,mobile
555,2024-01-21,CA,mobile
556,2024-01-04,CA,mobile
557,2024-01-18,US,mobile
558,2024-01-08,CA,mobile
559,2024-01-01,UK,mobile
560,2024-01-14,US,desktop
561,2024-01-17,DE,mobile
562,2024-01-17,UK,desktop
563,2024-01-17,UK,mobile
564,2024-01-16,US,mobile
565,2024-01-12,US,mobile
566,2024-01-26,US,mobile
567,2024-01-22,UK,desktop
568,2024-01-24,CA,mobile
569,2024-01-12,UK,desktop
570,2024-01-06,CA,desktop
571,2024-01-23,US,mobile
572,2024-01-05,US,desktop
573,2024-01-15,US,mobile
574,2024-01-26,US,mobile
575,2024-01-30,US,mobile
576,2024-01-27,UK,mobile
577,2024-01-25,UK,mobile
578,2024-01-28,CA,desktop
579,2024-01-11,US,desktop
580,2024-01-14,AU,desktop
581,2024-01-29,DE,mobile
582,2024-01-06,US,mobile
583,2024-01-30,CA,mobile
584,2024-01-03,CA,mobile
585,2024-01-20,DE,mobile
586,2024-01-10,US,mobile
587,2024-01-22,US,mobile
588,2024-01-23,US,desktop
589,2024-01-12,US,desktop
590,2024-01-30,US,tablet
591,2024-01-09,UK,desktop
592,2024-01-02,US,desktop
593,2024-01-12,UK,desktop
594,2024-01-06,DE,mobile
595,2024-01-20,UK,mobile
596,2024-01-05,US,desktop
597,2024-01-12,US,tablet
598,2024-01-02,UK,desktop
599,2024-01-12,US,desktop
600,2024-01-19,US,mobile
601,2024-01-11,UK,mobile
602,2024-01-04,US,mobile
603,2024-01-17,US,desktop
604,2024-01-09,CA,desktop
605,2024-01-07,DE,mobile
606,2024-01-30,DE,mobile
607,2024-01-05,AU,mobile
608,2024-01-29,CA,tablet
609,2024-01-26,UK,desktop
610,2024-01-11,UK,desktop
611,2024-01-18,UK,desktop
612,2024-01-28,US,desktop
613,2024-01-23,UK,desktop
614,2024-01-17,US,tablet
615,2024-01-26,US,desktop
616,2024-01-01,US,desktop
617,2024-01-15,CA,desktop
618,2024-01-20,AU,mobile
619,2024-01-13,DE,desktop
620,2024-01-17,US,mobile
621,2024-01-19,US,tablet
622,2024-01-21,US,mobile
623,2024-01-17,US,desktop
624,2024-01-25,UK,desktop
625,2024-01-25,DE,mobile
626,2024-01-30,AU,desktop
627,2024-01-17,US,mobile
628,2024-01-11,AU,mobile
629,2024-01-17,AU,desktop
630,2024-01-09,US,tablet
631,2024-01-09,US,mobile
632,2024-01-18,US,desktop
633,2024-01-19,AU,mobile
634,2024-01-22,UK,tablet
635,2024-01-11,CA,desktop
636,2024-01-27,AU,mobile
637,2024-01-21,CA,mobile
638,2024-01-07,CA,mobile
639,2024-01-21,US,desktop
640,2024-01-18,US,tablet
641,2024-01-16,US,desktop
642,2024-01-13,US,mobile
643,2024-01-02,US,mobile
644,2024-01-15,US,desktop
645,2024-01-11,AU,mobile
646,2024-01-28,US,mobile
647,2024-01-25,US,desktop
648,2024-01-11,US,mobile
649,2024-01-15,US,mobile
650,2024-01-10,AU,desktop
651,2024-01-14,US,desktop
652,2024-01-06,CA,tablet
653,2024-01-24,US,desktop
654,2024-01-16,DE,mobile
655,2024-01-29,US,mobile
656,2024-01-13,UK,tablet
657,2024-01-07,UK,mobile
658,2024-01-10,US,desktop
659,2024-01-21,UK,mobile
660,2024-01-01,CA,mobile
661,2024-01-29,US,mobile
662,2024-01-13,US,mobile
663,2024-01-19,UK,mobile
664,2024-01-10,US,mobile
665,2024-01-25,UK,desktop
666,2024-01-20,UK,mobile
667,2024-01-04,US,desktop
668,2024-01-11,UK,mobile
669,2024-01-05,US,mobile
670,2024-01-17,US,mobile
671,2024-01-23,US,mobile
672,2024-01-15,US,desktop
673,2024-01-05,US,desktop
674,2024-01-06,US,desktop
675,2024-01-27,US,mobile
676,2024-01-27,UK,mobile
677,2024-01-19,US,desktop
678,2024-01-12,US,mobile
679,2024-01-14,UK,desktop
680,2024-01-24,AU,desktop
681,2024-01-20,US,tablet
682,2024-01-26,DE,desktop
683,2024-01-08,CA,desktop
684,2024-01-06,UK,desktop
685,2024-01-25,CA,mobile
686,2024-01-22,US,desktop
687,2024-01-23,US,mobile
688,2024-01-11,US,mobile
689,2024-01-07,US,desktop
690,2024-01-30,US,desktop
691,2024-01-24,US,mobile
692,2024-01-07,UK,tablet
693,2024-01-16,UK,mobile
694,2024-01-06,US,mobile
695,2024-01-18,US,desktop
696,2024-01-24,UK,desktop
697,2024-01-09,UK,mobile
698,2024-01-08,US,mobile
699,2024-01-10,CA,desktop
700,2024-01-23,CA,mobile
701,2024-01-12,UK,tablet
702,2024-01-24,US,mobile
703,2024-01-22,UK,desktop
704,2024-01-13,CA,tablet
705,2024-01-26,US,mobile
706,2024-01-23,US,tablet
707,2024-01-21,US,mobile
708,2024-01-07,CA,mobile
709,2024-01-18,UK,mobile
710,2024-01-20,CA,mobile
711,2024-01-02,UK,mobile
712,2024-01-21,US,mobile
713,2024-01-11,CA,mobile
714,2024-01-25,US,tablet
715,2024-01-30,US,desktop
716,2024-01-29,AU,mobile
717,2024-01-07,CA,mobile
718,2024-01-10,UK,tablet
719,2024-01-03,UK,mobile
720,2024-01-24,CA,tablet
721,2024-01-30,AU,mobile
722,2024-01-27,US,tablet
723,2024-01-27,US,mobile
724,2024-01-30,CA,desktop
725,2024-01-10,AU,mobile
726,2024-01-19,UK,tablet
727,2024-01-11,US,tablet
728,2024-01-18,UK,desktop
729,2024-01-05,AU,mobile
730,2024-01-07,CA,mobile
731,2024-01-24,US,mobile
732,2024-01-06,US,mobile
733,2024-01-10,UK,desktop
734,2024-01-06,UK,desktop
735,2024-01-13,CA,mobile
736,2024-01-03,US,mobile
737,2024-01-05,US,tablet
738,2024-01-01,US,mobile
739,2024-01-25,US,mobile
740,2024-01-19,CA,mobile
741,2024-01-21,US,mobile
742,2024-01-22,US,mobile
743,2024-01-13,UK,tablet
744,2024-01-29,CA,mobile
745,2024-01-04,UK,tablet
746,2024-01-12,UK,mobile
747,2024-01-05,US,mobile
748,2024-01-20,US,desktop
749,2024-01-30,US,mobile
750,2024-01-22,CA,desktop
751,2024-01-22,CA,desktop
752,2024-01-03,UK,mobile
753,2024-01-12,US,desktop
754,2024-01-02,CA,tablet
755,2024-01-07,UK,mobile
756,2024-01-11,AU,mobile
757,2024-01-22,US,desktop
758,2024-01-03,AU,mobile
759,2024-01-02,US,mobile
760,2024-01-15,UK,desktop
761,2024-01-22,CA,desktop
762,2024-01-13,US,mobile
763,2024-01-07,UK,mobile
764,2024-01-12,CA,mobile
765,2024-01-02,AU,mobile
766,2024-01-30,US,mobile
767,2024-01-06,CA,desktop
768,2024-01-24,UK,mobile
769,2024-01-29,US,desktop
770,2024-01-30,US,mobile
771,2024-01-22,AU,mobile
772,2024-01-28,US,mobile
773,2024-01-18,US,mobile
774,2024-01-08,CA,desktop
775,2024-01-10,US,desktop
776,2024-01-14,UK,desktop
777,2024-01-08,US,mobile
778,2024-01-07,AU,desktop
779,2024-01-04,US,desktop
780,2024-01-20,CA,desktop
781,2024-01-01,US,mobile
782,2024-01-20,US,desktop
783,2024-01-23,AU,mobile
784,2024-01-02,US,mobile
785,2024-01-07,CA,desktop
786,2024-01-05,UK,mobile
787,2024-01-27,AU,desktop
788,2024-01-19,UK,desktop
789,2024-01-11,US,desktop
790,2024-01-22,UK,mobile
791,2024-01-09,US,tablet
792,2024-01-29,CA,mobile
793,2024-01-22,US,mobile
794,2024-01-12,AU,desktop
795,2024-01-26,UK,desktop
796,2024-01-14,US,mobile
797,2024-01-25,UK,mobile
798,2024-01-08,US,desktop
799,2024-01-26,US,mobile
800,2024-01-14,DE,desktop
801,2024-01-05,US,mobile
802,2024-01-11,UK,tablet
803,2024-01-28,US,mobile
804,2024-01-27,US,mobile
805,2024-01-22,UK,mobile
806,2024-01-03,US,desktop
807,2024-01-24,UK,mobile
808,2024-01-07,AU,mobile
809,2024-01-30,US,tablet
810,2024-01-24,US,tablet
811,2024-01-16,AU,desktop
812,2024-01-23,US,tablet
813,2024-01-18,US,mobile
814,2024-01-15,UK,mobile
815,2024-01-09,US,desktop
816,2024-01-15,US,tablet
817,2024-01-16,CA,mobile
818,2024-01-07,US,mobile
819,2024-01-19,AU,desktop
820,2024-01-01,US,tablet
821,2024-01-19,CA,mobile
822,2024-01-07,US,mobile
823,2024-01-27,US,desktop
824,2024-01-22,US,desktop
825,2024-01-16,DE,desktop
826,2024-01-16,US,desktop
827,2024-01-12,US,desktop
828,2024-01-16,US,desktop
829,2024-01-21,DE,mobile
830,2024-01-27,CA,tablet
831,2024-01-22,US,mobile
832,2024-01-05,CA,mobile
833,2024-01-23,US,mobile
834,2024-01-15,US,desktop
835,2024-01-22,AU,tablet
836,2024-01-22,US,mobile
837,2024-01-18,US,mobile
838,2024-01-24,US,tablet
839,2024-01-01,UK,desktop
840,2024-01-14,CA,tablet
841,2024-01-04,AU,mobile
842,2024-01-08,US,mobile
843,2024-01-27,US,desktop
844,2024-01-03,US,mobile
845,2024-01-19,US,desktop
846,2024-01-10,UK,desktop
847,2024-01-21,DE,desktop
848,2024-01-02,US,mobile
849,2024-01-18,US,desktop
850,2024-01-23,US,mobile
851,2024-01-14,UK,mobile
852,2024-01-28,DE,desktop
853,2024-01-30,US,mobile
854,2024-01-28,UK,desktop
855,2024-01-09,US,mobile
856,2024-01-30,US,mobile
857,2024-01-22,US,tablet
858,2024-01-11,US,mobile
859,2024-01-05,CA,desktop
860,2024-01-13,AU,mobile
861,2024-01-19,US,desktop
862,2024-01-13,UK,mobile
863,2024-01-13,CA,mobile
864,2024-01-23,CA,mobile
865,2024-01-12,US,mobile
866,2024-01-27,US,desktop
867,2024-01-20,DE,mobile
868,2024-01-25,US,desktop
869,2024-01-26,DE,mobile
870,2024-01-12,UK,mobile
871,2024-01-06,UK,desktop
872,2024-01-03,CA,mobile
873,2024-01-08,CA,mobile
874,2024-01-05,US,desktop
875,2024-01-05,CA,mobile
876,2024-01-04,US,tablet
877,2024-01-15,US,mobile
878,2024-01-05,US,mobile
879,2024-01-18,UK,mobile
880,2024-01-01,US,desktop
881,2024-01-20,UK,mobile
882,2024-01-13,US,mobile
883,2024-01-25,US,tablet
884,2024-01-29,DE,mobile
885,2024-01-17,US,mobile
886,2024-01-05,US,mobile
887,2024-01-05,US,mobile
888,2024-01-14,US,desktop
889,2024-01-12,US,mobile
890,2024-01-21,US,desktop
891,2024-01-15,US,mobile
892,2024-01-13,US,desktop
893,2024-01-26,AU,mobile
894,2024-01-14,CA,desktop
895,2024-01-20,US,mobile
896,2024-01-23,US,mobile
897,2024-01-13,DE,mobile
898,2024-01-23,UK,tablet
899,2024-01-26,US,mobile
900,2024-01-27,CA,mobile
901,2024-01-30,UK,desktop
902,2024-01-18,US,desktop
903,2024-01-01,DE,mobile
904,2024-01-23,US,desktop
905,2024-01-27,UK,desktop
906,2024-01-26,CA,desktop
907,2024-01-05,UK,mobile
908,2024-01-22,US,mobile
909,2024-01-13,US,tablet
910,2024-01-16,UK,mobile
911,2024-01-30,AU,desktop
912,2024-01-18,US,tablet
913,2024-01-23,AU,mobile
914,2024-01-21,AU,mobile
915,2024-01-08,UK,mobile
916,2024-01-21,UK,desktop
917,2024-01-21,UK,mobile
918,2024-01-25,US,desktop
919,2024-01-04,US,mobile
920,2024-01-17,CA,desktop
921,2024-01-23,UK,mobile
922,2024-01-13,US,desktop
923,2024-01-23,UK,mobile
924,2024-01-01,US,mobile
925,2024-01-30,DE,mobile
926,2024-01-24,US,mobile
927,2024-01-15,CA,mobile
928,2024-01-12,US,mobile
929,2024-01-23,US,mobile
930,2024-01-02,CA,mobile
931,2024-01-28,US,mobile
932,2024-01-26,US,tablet
933,2024-01-08,UK,desktop
934,2024-01-11,UK,tablet
935,2024-01-08,CA,desktop
936,2024-01-06,UK,mobile
937,2024-01-01,CA,desktop
938,2024-01-15,UK,mobile
939,2024-01-23,US,mobile
940,2024-01-23,CA,mobile
941,2024-01-04,CA,mobile
942,2024-01-12,US,mobile
943,2024-01-09,UK,mobile
944,2024-01-21,US,mobile
945,2024-01-13,UK,mobile
946,2024-01-28,US,mobile
947,2024-01-22,CA,mobile
948,2024-01-20,UK,desktop
949,2024-01-11,US,mobile
950,2024-01-06,US,mobile
951,2024-01-13,US,mobile
952,2024-01-13,US,mobile
953,2024-01-18,UK,desktop
954,2024-01-06,UK,mobile
955,2024-01-05,US,desktop
956,2024-01-20,US,mobile
957,2024-01-01,US,mobile
958,2024-01-13,DE,mobile
959,2024-01-16,US,mobile
960,2024-01-23,CA,mobile
961,2024-01-03,UK,desktop
962,2024-01-08,US,mobile
963,2024-01-18,US,desktop
964,2024-01-19,CA,desktop
965,2024-01-18,UK,desktop
966,2024-01-09,CA,desktop
967,2024-01-12,UK,desktop
968,2024-01-25,CA,mobile
969,2024-01-14,US,desktop
970,2024-01-25,US,desktop
971,2024-01-02,US,mobile
972,2024-01-27,US,desktop
973,2024-01-04,CA,mobile
974,2024-01-26,CA,desktop
975,2024-01-28,CA,desktop
976,2024-01-06,UK,desktop
977,2024-01-27,US,mobile
978,2024-01-12,UK,desktop
979,2024-01-06,US,desktop
980,2024-01-10,UK,tablet
981,2024-01-17,DE,desktop
982,2024-01-04,US,desktop
983,2024-01-14,AU,tablet
984,2024-01-28,UK,desktop
985,2024-01-05,US,desktop
986,2024-01-27,US,desktop
987,2024-01-13,US,desktop
988,2024-01-09,UK,mobile
989,2024-01-03,UK,desktop
990,2024-01-03,US,desktop
991,2024-01-23,AU,mobile
992,2024-01-16,US,mobile
993,2024-01-25,CA,mobile
994,2024-01-15,UK,desktop
995,2024-01-28,US,mobile
996,2024-01-07,DE,desktop
997,2024-01-16,US,desktop
998,2024-01-11,UK,mobile
999,2024-01-28,US,mobile
1000,2024-01-22,CA,mobile
1001,2024-01-21,CA,mobile
1002,2024-01-04,AU,mobile
1003,2024-01-15,US,tablet
1004,2024-01-07,DE,tablet
1005,2024-01-29,UK,mobile
1006,2024-01-30,AU,mobile
1007,2024-01-12,US,mobile
1008,2024-01-29,UK,mobile
1009,2024-01-21,US,desktop
1010,2024-01-08,US,mobile
1011,2024-01-04,US,mobile
1012,2024-01-05,UK,mobile
1013,2024-01-15,US,desktop
1014,2024-01-27,US,desktop
1015,2024-01-23,US,mobile
1016,2024-01-13,US,desktop
1017,2024-01-04,US,desktop
1018,2024-01-05,US,desktop
1019,2024-01-28,US,tablet
1020,2024-01-05,US,desktop
1021,2024-01-20,UK,mobile
1022,2024-01-24,US,desktop
1023,2024-01-30,US,desktop
1024,2024-01-28,US,desktop
1025,2024-01-05,CA,desktop
1026,2024-01-13,US,mobile
1027,2024-01-26,US,mobile
1028,2024-01-03,US,desktop
1029,2024-01-24,UK,desktop
1030,2024-01-23,US,desktop
1031,2024-01-29,US,mobile
1032,2024-01-17,US,mobile
1033,2024-01-21,US,desktop
1034,2024-01-08,US,mobile
1035,2024-01-16,UK,mobile
1036,2024-01-29,DE,tablet
1037,2024-01-30,US,mobile
1038,2024-01-27,UK,mobile
1039,2024-01-22,US,mobile
1040,2024-01-25,US,desktop
1041,2024-01-01,US,mobile
1042,2024-01-02,AU,mobile
1043,2024-01-10,UK,mobile
1044,2024-01-14,US,mobile
1045,2024-01-21,UK,desktop
1046,2024-01-09,US,mobile
1047,2024-01-30,US,desktop
1048,2024-01-18,US,desktop
1049,2024-01-25,CA,desktop
1050,2024-01-03,US,mobile
1051,2024-01-28,US,mobile
1052,2024-01-30,US,mobile
1053,2024-01-20,US,desktop
1054,2024-01-22,CA,mobile
1055,2024-01-23,US,mobile
1056,2024-01-16,DE,mobile
1057,2024-01-26,CA,mobile
1058,2024-01-12,US,desktop
1059,2024-01-09,CA,mobile
1060,2024-01-29,US,desktop
1061,2024-01-09,UK,mobile
1062,2024-01-19,UK,mobile
1063,2024-01-17,US,mobile
1064,2024-01-19,US,mobile
1065,2024-01-25,US,desktop
1066,2024-01-24,US,desktop
1067,2024-01-01,US,desktop
1068,2024-01-08,US,mobile
1069,2024-01-30,US,tablet
1070,2024-01-28,US,desktop
1071,2024-01-23,CA,mobile
1072,2024-01-11,US,tablet
1073,2024-01-11,US,mobile
1074,2024-01-12,US,desktop
1075,2024-01-02,US,desktop
1076,2024-01-02,DE,mobile
1077,2024-01-15,AU,desktop
1078,2024-01-10,US,desktop
1079,2024-01-01,US,mobile
1080,2024-01-26,US,desktop
1081,2024-01-15,US,tablet
1082,2024-01-25,CA,desktop
1083,2024-01-18,CA,mobile
1084,2024-01-01,AU,mobile
1085,2024-01-18,US,desktop
1086,2024-01-29,US,mobile
1087,2024-01-25,UK,desktop
1088,2024-01-24,US,mobile
1089,2024-01-08,US,tablet
1090,2024-01-05,CA,mobile
1091,2024-01-30,US,desktop
1092,2024-01-14,CA,mobile
1093,2024-01-24,US,mobile
1094,2024-01-05,UK,mobile
1095,2024-01-19,UK,mobile
1096,2024-01-05,US,mobile
1097,2024-01-11,AU,mobile
1098,2024-01-27,CA,mobile
1099,2024-01-09,US,tablet
1100,2024-01-05,CA,desktop
1101,2024-01-05,US,mobile
1102,2024-01-11,US,mobile
1103,2024-01-25,US,mobile
1104,2024-01-09,AU,mobile
1105,2024-01-26,UK,desktop
1106,2024-01-23,UK,mobile
1107,2024-01-28,US,mobile
1108,2024-01-08,DE,mobile
1109,2024-01-02,UK,mobile
1110,2024-01-06,US,mobile
1111,2024-01-15,UK,desktop
1112,2024-01-04,US,desktop
1113,2024-01-05,US,mobile
1114,2024-01-25,DE,mobile
1115,2024-01-27,US,desktop
1116,2024-01-21,US,desktop
1117,2024-01-30,CA,mobile
1118,2024-01-03,US,desktop
1119,2024-01-26,US,tablet
1120,2024-01-27,CA,mobile
1121,2024-01-15,US,tablet
1122,2024-01-14,CA,mobile
1123,2024-01-01,US,mobile
1124,2024-01-12,US,mobile
1125,2024-01-09,US,mobile
1126,2024-01-20,UK,mobile
1127,2024-01-10,US,desktop
1128,2024-01-16,US,mobile
1129,2024-01-05,US,desktop
1130,2024-01-26,UK,desktop
1131,2024-01-26,UK,mobile
1132,2024-01-13,CA,mobile
1133,2024-01-18,CA,mobile
1134,2024-01-19,UK,mobile
1135,2024-01-06,US,desktop
1136,2024-01-01,AU,desktop
1137,2024-01-02,CA,mobile
1138,2024-01-12,CA,tablet
1139,2024-01-06,US,desktop
1140,2024-01-09,UK,desktop
1141,2024-01-24,US,tablet
1142,2024-01-08,UK,tablet
1143,2024-01-13,US,desktop
1144,2024-01-28,US,mobile
1145,2024-01-11,CA,desktop
1146,2024-01-30,UK,desktop
1147,2024-01-12,AU,desktop
1148,2024-01-19,AU,desktop
1149,2024-01-26,AU,mobile
1150,2024-01-10,US,mobile
1151,2024-01-02,US,mobile
1152,2024-01-17,US,mobile
1153,2024-01-20,US,mobile
1154,2024-01-23,US,desktop
1155,2024-01-28,US,mobile
1156,2024-01-19,CA,mobile
1157,2024-01-04,CA,desktop
1158,2024-01-03,US,tablet
1159,2024-01-13,UK,mobile
1160,2024-01-11,US,mobile
1161,2024-01-14,CA,tablet
1162,2024-01-21,US,desktop
1163,2024-01-18,UK,tablet
1164,2024-01-26,US,desktop
1165,2024-01-27,US,mobile
1166,2024-01-23,US,mobile
1167,2024-01-01,AU,tablet
1168,2024-01-13,AU,desktop
1169,2024-01-19,US,desktop
1170,2024-01-30,CA,desktop
1171,2024-01-21,UK,tablet
1172,2024-01-05,US,mobile
1173,2024-01-12,DE,mobile
1174,2024-01-29,DE,desktop
1175,2024-01-22,UK,desktop
1176,2024-01-15,US,mobile
1177,2024-01-23,US,mobile
1178,2024-01-04,CA,mobile
1179,2024-01-15,CA,tablet
1180,2024-01-29,US,desktop
1181,2024-01-12,UK,mobile
1182,2024-01-16,CA,desktop
1183,2024-01-25,UK,mobile
1184,2024-01-03,CA,mobile
1185,2024-01-01,US,tablet
1186,2024-01-03,US,desktop
1187,2024-01-06,CA,mobile
1188,2024-01-29,DE,mobile
1189,2024-01-20,AU,desktop
1190,2024-01-14,AU,mobile
1191,2024-01-29,US,mobile
1192,2024-01-11,US,mobile
1193,2024-01-23,UK,tablet
1194,2024-01-18,US,mobile
1195,2024-01-08,US,mobile
1196,2024-01-18,CA,mobile
1197,2024-01-12,US,mobile
1198,2024-01-27,UK,desktop
1199,2024-01-07,US,mobile
1200,2024-01-21,US,mobile
1201,2024-01-28,US,desktop
1202,2024-01-16,US,desktop
1203,2024-01-03,UK,mobile
1204,2024-01-12,AU,mobile
1205,2024-01-15,US,mobile
1206,2024-01-09,US,mobile
1207,2024-01-02,US,desktop
1208,2024-01-04,US,mobile
1209,2024-01-18,US,desktop
1210,2024-01-08,UK,desktop
1211,2024-01-27,UK,tablet
1212,2024-01-22,AU,mobile
1213,2024-01-29,US,mobile
1214,2024-01-13,AU,desktop
1215,2024-01-17,UK,mobile
1216,2024-01-19,UK,desktop
1217,2024-01-04,AU,mobile
1218,2024-01-06,DE,desktop
1219,2024-01-05,US,mobile
1220,2024-01-22,US,tablet
1221,2024-01-21,US,desktop
1222,2024-01-11,AU,tablet
1223,2024-01-03,US,desktop
1224,2024-01-18,US,mobile
1225,2024-01-15,AU,mobile
1226,2024-01-23,UK,mobile
1227,2024-01-14,US,mobile
1228,2024-01-19,UK,desktop
1229,2024-01-04,AU,desktop
1230,2024-01-04,CA,desktop
1231,2024-01-29,US,mobile
1232,2024-01-13,UK,desktop
1233,2024-01-16,US,mobile
1234,2024-01-05,UK,desktop
1235,2024-01-13,US,desktop
1236,2024-01-11,UK,mobile
1237,2024-01-16,AU,desktop
1238,2024-01-01,US,desktop
1239,2024-01-10,US,mobile
1240,2024-01-23,UK,tablet
1241,2024-01-08,US,tablet
1242,2024-01-15,CA,mobile
1243,2024-01-24,US,desktop
1244,2024-01-07,US,tablet
1245,2024-01-14,CA,desktop
1246,2024-01-28,US,mobile
1247,2024-01-26,US,mobile
1248,2024-01-17,US,desktop
1249,2024-01-17,AU,mobile
1250,2024-01-07,AU,mobile
1251,2024-01-02,US,mobile
1252,2024-01-30,US,mobile
1253,2024-01-12,CA,mobile
1254,2024-01-21,AU,desktop
1255,2024-01-08,US,desktop
1256,2024-01-06,DE,mobile
1257,2024-01-18,US,mobile
1258,2024-01-29,US,desktop
1259,2024-01-03,US,mobile
1260,2024-01-06,AU,desktop
1261,2024-01-07,AU,desktop
1262,2024-01-22,US,desktop
1263,2024-01-17,US,desktop
1264,2024-01-25,UK,mobile
1265,2024-01-05,UK,desktop
1266,2024-01-01,US,desktop
1267,2024-01-10,CA,desktop
1268,2024-01-09,US,mobile
1269,2024-01-12,US,mobile
1270,2024-01-10,UK,desktop
1271,2024-01-13,UK,mobile
1272,2024-01-22,DE,desktop
1273,2024-01-18,UK,desktop
1274,2024-01-10,UK,mobile
1275,2024-01-11,DE,desktop
1276,2024-01-28,US,desktop
1277,2024-01-29,UK,mobile
1278,2024-01-17,CA,desktop
1279,2024-01-26,AU,desktop
1280,2024-01-13,UK,desktop
1281,2024-01-24,US,mobile
1282,2024-01-10,US,mobile
1283,2024-01-13,CA,desktop
1284,2024-01-19,CA,mobile
1285,2024-01-23,US,mobile
1286,2024-01-26,US,tablet
1287,2024-01-12,UK,desktop
1288,2024-01-27,UK,desktop
1289,2024-01-10,US,mobile
1290,2024-01-09,CA,desktop
1291,2024-01-30,US,desktop
1292,2024-01-11,UK,mobile
1293,2024-01-08,CA,mobile
1294,2024-01-26,AU,mobile
1295,2024-01-19,US,desktop
1296,2024-01-16,US,desktop
1297,2024-01-19,AU,mobile
1298,2024-01-29,US,mobile
1299,2024-01-22,US,mobile
1300,2024-01-02,AU,mobile
1301,2024-01-07,US,tablet
1302,2024-01-29,AU,mobile
1303,2024-01-11,AU,mobile
1304,2024-01-03,US,desktop
1305,2024-01-06,US,mobile
1306,2024-01-15,US,desktop
1307,2024-01-06,UK,mobile
1308,2024-01-26,CA,mobile
1309,2024-01-20,US,mobile
1310,2024-01-14,DE,mobile
1311,2024-01-02,UK,desktop
1312,2024-01-01,AU,desktop
1313,2024-01-17,US,desktop
1314,2024-01-21,CA,mobile
1315,2024-01-29,US,mobile
1316,2024-01-13,UK,mobile
1317,2024-01-03,CA,mobile
1318,2024-01-10,US,mobile
1319,2024-01-17,US,desktop
1320,2024-01-05,US,tablet
1321,2024-01-12,CA,mobile
1322,2024-01-30,AU,mobile
1323,2024-01-08,US,tablet
1324,2024-01-07,CA,desktop
1325,2024-01-06,US,desktop
1326,2024-01-26,US,desktop
1327,2024-01-09,CA,desktop
1328,2024-01-20,DE,desktop
1329,2024-01-21,CA,mobile
1330,2024-01-04,US,mobile
1331,2024-01-18,US,desktop
1332,2024-01-07,UK,desktop
1333,2024-01-10,US,mobile
1334,2024-01-17,US,desktop
1335,2024-01-05,US,desktop
1336,2024-01-17,CA,mobile
1337,2024-01-04,CA,mobile
1338,2024-01-20,US,mobile
1339,2024-01-17,DE,mobile
1340,2024-01-14,US,mobile
1341,2024-01-16,AU,desktop
1342,2024-01-16,US,mobile
1343,2024-01-22,US,mobile
1344,2024-01-19,UK,mobile
1345,2024-01-03,CA,mobile
1346,2024-01-24,US,mobile
1347,2024-01-08,US,tablet
1348,2024-01-09,US,mobile
1349,2024-01-06,AU,desktop
1350,2024-01-12,CA,mobile
1351,2024-01-24,US,desktop
1352,2024-01-29,US,desktop
1353,2024-01-22,UK,mobile
1354,2024-01-29,US,desktop
1355,2024-01-29,CA,mobile
1356,2024-01-11,US,mobile
1357,2024-01-15,US,mobile
1358,2024-01-28,US,mobile
1359,2024-01-29,CA,mobile
1360,2024-01-23,CA,tablet
1361,2024-01-28,US,mobile
1362,2024-01-19,US,desktop
1363,2024-01-15,US,mobile
1364,2024-01-12,UK,desktop
1365,2024-01-29,CA,tablet
1366,2024-01-05,US,mobile
1367,2024-01-29,US,mobile
1368,2024-01-09,UK,mobile
1369,2024-01-28,UK,desktop
1370,2024-01-19,CA,mobile
1371,2024-01-22,AU,mobile
1372,2024-01-23,CA,mobile
1373,2024-01-22,CA,mobile
1374,2024-01-22,UK,mobile
1375,2024-01-27,CA,desktop
1376,2024-01-20,US,desktop
1377,2024-01-06,UK,mobile
1378,2024-01-16,AU,mobile
1379,2024-01-16,US,mobile
1380,2024-01-09,US,mobile
1381,2024-01-21,US,desktop
1382,2024-01-03,US,desktop
1383,2024-01-15,US,mobile
1384,2024-01-11,US,mobile
1385,2024-01-21,US,mobile
1386,2024-01-02,UK,mobile
1387,2024-01-03,CA,tablet
1388,2024-01-21,US,mobile
1389,2024-01-07,UK,mobile
1390,2024-01-11,US,mobile
1391,2024-01-08,CA,mobile
1392,2024-01-25,UK,mobile
1393,2024-01-22,US,mobile
1394,2024-01-04,CA,mobile
1395,2024-01-11,US,desktop
1396,2024-01-26,US,mobile
1397,2024-01-23,US,desktop
1398,2024-01-16,US,desktop
1399,2024-01-24,US,mobile
1400,2024-01-07,US,tablet
1401,2024-01-13,US,desktop
1402,2024-01-07,CA,mobile
1403,2024-01-14,US,desktop
1404,2024-01-22,UK,desktop
1405,2024-01-15,US,desktop
1406,2024-01-17,US,mobile
1407,2024-01-17,CA,desktop
1408,2024-01-14,CA,mobile
1409,2024-01-17,CA,tablet
1410,2024-01-23,UK,desktop
1411,2024-01-05,US,desktop
1412,2024-01-20,AU,mobile
1413,2024-01-13,US,desktop
1414,2024-01-23,CA,mobile
1415,2024-01-11,DE,mobile
1416,2024-01-05,US,desktop
1417,2024-01-29,CA,mobile
1418,2024-01-23,UK,mobile
1419,2024-01-24,AU,desktop
1420,2024-01-07,US,desktop
1421,2024-01-22,US,desktop
1422,2024-01-23,UK,tablet
1423,2024-01-17,UK,desktop
1424,2024-01-23,US,mobile
1425,2024-01-16,UK,tablet
1426,2024-01-23,US,desktop
1427,2024-01-27,UK,desktop
1428,2024-01-14,CA,mobile
1429,2024-01-01,US,mobile
1430,2024-01-02,US,desktop
1431,2024-01-06,DE,desktop
1432,2024-01-05,CA,desktop
1433,2024-01-10,US,mobile
1434,2024-01-12,CA,mobile
1435,2024-01-28,UK,desktop
1436,2024-01-08,CA,desktop
1437,2024-01-08,UK,desktop
1438,2024-01-23,US,desktop
1439,2024-01-30,US,mobile
1440,2024-01-26,DE,mobile
1441,2024-01-18,US,desktop
1442,2024-01-07,UK,desktop
1443,2024-01-28,US,mobile
1444,2024-01-21,CA,desktop
1445,2024-01-25,UK,desktop
1446,2024-01-07,CA,tablet
1447,2024-01-10,US,tablet
1448,2024-01-03,US,mobile
1449,2024-01-17,US,mobile
1450,2024-01-09,UK,mobile
1451,2024-01-19,CA,mobile
1452,2024-01-15,CA,mobile
1453,2024-01-05,AU,desktop
1454,2024-01-25,AU,desktop
1455,2024-01-22,US,desktop
1456,2024-01-18,US,desktop
1457,2024-01-11,UK,tablet
1458,2024-01-17,US,mobile
1459,2024-01-14,UK,mobile
1460,2024-01-12,US,mobile
1461,2024-01-11,US,mobile
1462,2024-01-25,UK,mobile
1463,2024-01-18,CA,tablet
1464,2024-01-01,US,mobile
1465,2024-01-08,AU,desktop
1466,2024-01-20,US,mobile
1467,2024-01-29,US,tablet
1468,2024-01-04,US,mobile
1469,2024-01-10,US,mobile
1470,2024-01-25,US,desktop
1471,2024-01-15,US,mobile
1472,2024-01-21,US,mobile
1473,2024-01-04,US,tablet
1474,2024-01-18,UK,desktop
1475,2024-01-07,UK,desktop
1476,2024-01-28,UK,desktop
1477,2024-01-07,UK,desktop
1478,2024-01-24,CA,desktop
1479,2024-01-03,CA,mobile
1480,2024-01-15,CA,mobile
1481,2024-01-03,US,desktop
1482,2024-01-18,US,desktop
1483,2024-01-30,US,mobile
1484,2024-01-21,US,mobile
1485,2024-01-13,UK,mobile
1486,2024-01-21,CA,mobile
1487,2024-01-24,UK,desktop
1488,2024-01-03,US,mobile
1489,2024-01-10,CA,mobile
1490,2024-01-03,US,tablet
1491,2024-01-13,US,desktop
1492,2024-01-16,US,mobile
1493,2024-01-24,US,desktop
1494,2024-01-18,US,desktop
1495,2024-01-10,UK,tablet
1496,2024-01-26,AU,desktop
1497,2024-01-01,UK,desktop
1498,2024-01-04,US,desktop
1499,2024-01-13,UK,tablet
1500,2024-01-10,US,desktop
1501,2024-01-24,US,mobile
1502,2024-01-21,AU,mobile
1503,2024-01-06,US,desktop
1504,2024-01-07,US,desktop
1505,2024-01-19,AU,desktop
1506,2024-01-30,DE,mobile
1507,2024-01-21,UK,mobile
1508,2024-01-03,US,mobile
1509,2024-01-19,US,mobile
1510,2024-01-05,UK,mobile
1511,2024-01-10,UK,tablet
1512,2024-01-11,US,mobile
1513,2024-01-22,US,desktop
1514,2024-01-19,UK,desktop
1515,2024-01-14,US,mobile
1516,2024-01-26,US,desktop
1517,2024-01-14,US,mobile
1518,2024-01-22,CA,desktop
1519,2024-01-15,US,desktop
1520,2024-01-16,UK,mobile
1521,2024-01-20,US,mobile
1522,2024-01-27,US,mobile
1523,2024-01-09,CA,desktop
1524,2024-01-24,US,mobile
1525,2024-01-17,UK,desktop
1526,2024-01-19,US,desktop
1527,2024-01-30,US,mobile
1528,2024-01-29,DE,mobile
1529,2024-01-25,US,mobile
1530,2024-01-29,CA,desktop
1531,2024-01-10,US,mobile
1532,2024-01-03,US,mobile
1533,2024-01-22,US,tablet
1534,2024-01-20,UK,desktop
1535,2024-01-05,US,mobile
1536,2024-01-19,UK,tablet
1537,2024-01-24,CA,tablet
1538,2024-01-02,US,mobile
1539,2024-01-03,US,mobile
1540,2024-01-22,US,tablet
1541,2024-01-12,US,tablet
1542,2024-01-29,US,tablet
1543,2024-01-11,US,tablet
1544,2024-01-21,CA,desktop
1545,2024-01-09,UK,desktop
1546,2024-01-13,UK,mobile
1547,2024-01-21,AU,mobile
1548,2024-01-09,US,tablet
1549,2024-01-17,US,desktop
1550,2024-01-12,US,mobile
1551,2024-01-20,US,desktop
1552,2024-01-15,US,mobile
1553,2024-01-21,US,mobile
1554,2024-01-06,US,desktop
1555,2024-01-04,UK,mobile
1556,2024-01-11,CA,mobile
1557,2024-01-16,US,desktop
1558,2024-01-21,CA,mobile
1559,2024-01-02,US,desktop
1560,2024-01-05,UK,mobile
1561,2024-01-19,US,mobile
1562,2024-01-30,US,tablet
1563,2024-01-20,DE,desktop
1564,2024-01-29,CA,desktop
1565,2024-01-10,AU,mobile
1566,2024-01-20,DE,desktop
1567,2024-01-06,US,mobile
1568,2024-01-05,CA,desktop
1569,2024-01-06,UK,mobile
1570,2024-01-06,CA,mobile
1571,2024-01-15,UK,mobile
1572,2024-01-13,US,mobile
1573,2024-01-07,UK,tablet
1574,2024-01-22,US,mobile
1575,2024-01-04,US,tablet
1576,2024-01-20,US,desktop
1577,2024-01-17,CA,mobile
1578,2024-01-22,US,desktop
1579,2024-01-27,US,tablet
1580,2024-01-22,UK,mobile
1581,2024-01-12,AU,desktop
1582,2024-01-14,US,desktop
1583,2024-01-26,CA,mobile
1584,2024-01-26,CA,desktop
1585,2024-01-23,UK,mobile
1586,2024-01-09,US,mobile
1587,2024-01-28,US,desktop
1588,2024-01-18,US,mobile
1589,2024-01-23,CA,mobile
1590,2024-01-17,US,mobile
1591,2024-01-21,US,desktop
1592,2024-01-14,US,mobile
1593,2024-01-21,UK,mobile
1594,2024-01-18,US,mobile
1595,2024-01-09,DE,mobile
1596,2024-01-07,US,desktop
1597,2024-01-16,US,desktop
1598,2024-01-16,US,mobile
1599,2024-01-12,CA,mobile
1600,2024-01-05,AU,desktop
1601,2024-01-24,US,desktop
1602,2024-01-06,US,mobile
1603,2024-01-26,US,desktop
1604,2024-01-23,UK,mobile
1605,2024-01-13,DE,mobile
1606,2024-01-03,CA,mobile
1607,2024-01-20,US,mobile
1608,2024-01-08,US,desktop
1609,2024-01-24,US,tablet
1610,2024-01-20,UK,mobile
1611,2024-01-20,US,desktop
1612,2024-01-06,UK,mobile
1613,2024-01-07,AU,tablet
1614,2024-01-17,US,mobile
1615,2024-01-20,UK,desktop
1616,2024-01-20,US,mobile
1617,2024-01-08,UK,tablet
1618,2024-01-03,DE,desktop
1619,2024-01-12,UK,mobile
1620,2024-01-07,UK,desktop
1621,2024-01-03,AU,mobile
1622,2024-01-24,CA,tablet
1623,2024-01-12,US,desktop
1624,2024-01-08,UK,mobile
1625,2024-01-30,US,mobile
1626,2024-01-06,US,mobile
1627,2024-01-03,UK,mobile
1628,2024-01-04,CA,tablet
1629,2024-01-29,UK,desktop
1630,2024-01-09,UK,tablet
1631,2024-01-19,US,mobile
1632,2024-01-11,DE,mobile
1633,2024-01-15,AU,desktop
1634,2024-01-16,US,mobile
1635,2024-01-21,CA,mobile
1636,2024-01-23,US,mobile
1637,2024-01-12,UK,mobile
1638,2024-01-27,US,mobile
1639,2024-01-13,UK,desktop
1640,2024-01-03,UK,mobile
1641,2024-01-11,US,desktop
1642,2024-01-09,US,desktop
1643,2024-01-30,AU,mobile
1644,2024-01-07,US,mobile
1645,2024-01-09,US,mobile
1646,2024-01-08,CA,mobile
1647,2024-01-25,US,tablet
1648,2024-01-22,DE,mobile
1649,2024-01-01,CA,mobile
1650,2024-01-02,CA,mobile
1651,2024-01-11,US,tablet
1652,2024-01-29,UK,mobile
1653,2024-01-06,DE,tablet
1654,2024-01-09,US,desktop
1655,2024-01-05,US,desktop
1656,2024-01-16,AU,mobile
1657,2024-01-12,US,desktop
1658,2024-01-06,US,mobile
1659,2024-01-17,US,desktop
1660,2024-01-01,UK,mobile
1661,2024-01-04,US,desktop
1662,2024-01-09,US,mobile
1663,2024-01-09,US,desktop
1664,2024-01-12,US,mobile
1665,2024-01-14,CA,mobile
1666,2024-01-28,US,mobile
1667,2024-01-19,US,desktop
1668,2024-01-08,CA,desktop
1669,2024-01-26,US,mobile
1670,2024-01-13,US,desktop
1671,2024-01-24,US,desktop
1672,2024-01-06,US,mobile
1673,2024-01-29,CA,mobile
1674,2024-01-24,US,mobile
1675,2024-01-09,UK,desktop
1676,2024-01-13,US,mobile
1677,2024-01-07,CA,mobile
1678,2024-01-21,US,desktop
1679,2024-01-09,US,desktop
1680,2024-01-30,CA,mobile
1681,2024-01-14,US,desktop
1682,2024-01-20,US,desktop
1683,2024-01-21,UK,tablet
1684,2024-01-10,US,desktop
1685,2024-01-16,CA,mobile
1686,2024-01-03,US,mobile
1687,2024-01-21,DE,desktop
1688,2024-01-21,CA,mobile
1689,2024-01-21,UK,mobile
1690,2024-01-30,US,mobile
1691,2024-01-08,US,desktop
1692,2024-01-23,US,desktop
1693,2024-01-09,AU,desktop
1694,2024-01-12,CA,mobile
1695,2024-01-15,US,mobile
1696,2024-01-01,US,mobile
1697,2024-01-09,AU,desktop
1698,2024-01-03,US,mobile
1699,2024-01-04,US,desktop
1700,2024-01-18,US,desktop
1701,2024-01-17,CA,mobile
1702,2024-01-09,UK,mobile
1703,2024-01-30,AU,mobile
1704,2024-01-08,CA,mobile
1705,2024-01-05,US,desktop
1706,2024-01-01,US,mobile
1707,2024-01-30,US,mobile
1708,2024-01-28,UK,mobile
1709,2024-01-15,US,tablet
1710,2024-01-18,US,desktop
1711,2024-01-21,CA,desktop
1712,2024-01-14,UK,desktop
1713,2024-01-10,AU,mobile
1714,2024-01-08,CA,mobile
1715,2024-01-12,US,mobile
1716,2024-01-01,US,desktop
1717,2024-01-28,US,mobile
1718,2024-01-18,US,tablet
1719,2024-01-25,US,mobile
1720,2024-01-14,CA,desktop
1721,2024-01-26,US,mobile
1722,2024-01-14,AU,mobile
1723,2024-01-08,US,desktop
1724,2024-01-13,CA,mobile
1725,2024-01-03,US,mobile
1726,2024-01-25,CA,desktop
1727,2024-01-23,UK,mobile
1728,2024-01-24,UK,mobile
1729,2024-01-07,AU,mobile
1730,2024-01-10,US,mobile
1731,2024-01-15,US,desktop
1732,2024-01-07,US,mobile
1733,2024-01-18,US,tablet
1734,2024-01-10,US,desktop
1735,2024-01-24,US,mobile
1736,2024-01-01,US,mobile
1737,2024-01-10,CA,mobile
1738,2024-01-12,US,desktop
1739,2024-01-11,US,desktop
1740,2024-01-05,US,desktop
1741,2024-01-03,UK,mobile
1742,2024-01-29,CA,desktop
1743,2024-01-27,US,tablet
1744,2024-01-23,US,desktop
1745,2024-01-15,US,tablet
1746,2024-01-07,US,desktop
1747,2024-01-17,UK,mobile
1748,2024-01-13,UK,mobile
1749,2024-01-11,US,desktop
1750,2024-01-24,AU,mobile
1751,2024-01-09,US,mobile
1752,2024-01-12,AU,desktop
1753,2024-01-07,DE,mobile
1754,2024-01-14,US,mobile
1755,2024-01-09,UK,mobile
1756,2024-01-08,US,mobile
1757,2024-01-26,UK,desktop
1758,2024-01-05,US,mobile
1759,2024-01-06,US,desktop
1760,2024-01-11,AU,tablet
1761,2024-01-21,US,mobile
1762,2024-01-05,CA,desktop
1763,2024-01-05,US,mobile
1764,2024-01-18,CA,desktop
1765,2024-01-26,AU,desktop
1766,2024-01-01,UK,mobile
1767,2024-01-05,US,mobile
1768,2024-01-23,US,mobile
1769,2024-01-23,US,desktop
1770,2024-01-18,US,desktop
1771,2024-01-09,AU,desktop
1772,2024-01-28,UK,mobile
1773,2024-01-05,US,desktop
1774,2024-01-18,US,mobile
1775,2024-01-21,UK,desktop
1776,2024-01-29,US,desktop
1777,2024-01-25,UK,mobile
1778,2024-01-03,UK,mobile
1779,2024-01-13,US,desktop
1780,2024-01-25,UK,desktop
1781,2024-01-11,US,mobile
1782,2024-01-04,UK,mobile
1783,2024-01-27,AU,mobile
1784,2024-01-02,US,mobile
1785,2024-01-04,US,desktop
1786,2024-01-13,UK,mobile
1787,2024-01-23,UK,mobile
1788,2024-01-08,UK,mobile
1789,2024-01-30,AU,desktop
1790,2024-01-30,AU,mobile
1791,2024-01-26,UK,mobile
1792,2024-01-24,AU,mobile
1793,2024-01-12,CA,mobile
1794,2024-01-20,US,mobile
1795,2024-01-03,CA,mobile
1796,2024-01-07,DE,mobile
1797,2024-01-24,US,mobile
1798,2024-01-07,UK,mobile
1799,2024-01-21,AU,desktop
1800,2024-01-18,US,mobile
1801,2024-01-21,UK,desktop
1802,2024-01-23,UK,desktop
1803,2024-01-06,CA,mobile
1804,2024-01-17,US,mobile
1805,2024-01-20,US,mobile
1806,2024-01-11,UK,tablet
1807,2024-01-28,US,desktop
1808,2024-01-14,CA,mobile
1809,2024-01-08,UK,mobile
1810,2024-01-25,UK,desktop
1811,2024-01-12,DE,mobile
1812,2024-01-13,US,mobile
1813,2024-01-10,UK,mobile
1814,2024-01-29,US,mobile
1815,2024-01-08,US,mobile
1816,2024-01-25,CA,desktop
1817,2024-01-09,AU,mobile
1818,2024-01-19,AU,mobile
1819,2024-01-02,US,mobile
1820,2024-01-09,US,desktop
1821,2024-01-08,US,mobile
1822,2024-01-19,US,tablet
1823,2024-01-24,US,mobile
1824,2024-01-16,US,desktop
1825,2024-01-23,CA,desktop
1826,2024-01-04,UK,mobile
1827,2024-01-24,CA,mobile
1828,2024-01-25,US,desktop
1829,2024-01-12,AU,mobile
1830,2024-01-30,AU,desktop
1831,2024-01-08,CA,desktop
1832,2024-01-30,US,desktop
1833,2024-01-13,US,mobile
1834,2024-01-11,UK,mobile
1835,2024-01-17,UK,mobile
1836,2024-01-22,CA,mobile
1837,2024-01-15,CA,desktop
1838,2024-01-03,US,mobile
1839,2024-01-13,US,mobile
1840,2024-01-16,UK,mobile
1841,2024-01-13,US,mobile
1842,2024-01-14,CA,mobile
1843,2024-01-05,US,mobile
1844,2024-01-13,UK,mobile
1845,2024-01-20,DE,mobile
1846,2024-01-08,US,desktop
1847,2024-01-11,UK,desktop
1848,2024-01-04,UK,mobile
1849,2024-01-12,US,mobile
1850,2024-01-21,US,mobile
1851,2024-01-12,UK,tablet
1852,2024-01-15,UK,mobile
1853,2024-01-30,CA,mobile
1854,2024-01-12,US,desktop
1855,2024-01-03,US,mobile
1856,2024-01-20,AU,desktop
1857,2024-01-27,US,mobile
1858,2024-01-26,US,mobile
1859,2024-01-01,US,desktop
1860,2024-01-07,US,mobile
1861,2024-01-09,UK,desktop
1862,2024-01-05,UK,desktop
1863,2024-01-13,UK,desktop
1864,2024-01-02,US,mobile
1865,2024-01-07,CA,desktop
1866,2024-01-02,US,tablet
1867,2024-01-03,US,mobile
1868,2024-01-28,AU,mobile
1869,2024-01-04,US,desktop
1870,2024-01-21,US,tablet
1871,2024-01-17,DE,mobile
1872,2024-01-11,US,desktop
1873,2024-01-03,US,mobile
1874,2024-01-15,UK,desktop
1875,2024-01-02,US,mobile
1876,2024-01-11,US,desktop
1877,2024-01-01,US,mobile
1878,2024-01-21,US,tablet
1879,2024-01-17,US,mobile
1880,2024-01-09,AU,desktop
1881,2024-01-27,DE,tablet
1882,2024-01-09,US,mobile
1883,2024-01-13,UK,mobile
1884,2024-01-13,UK,desktop
1885,2024-01-28,UK,mobile
1886,2024-01-08,UK,mobile
1887,2024-01-10,AU,mobile
1888,2024-01-18,US,desktop
1889,2024-01-19,UK,desktop
1890,2024-01-28,US,desktop
1891,2024-01-29,UK,mobile
1892,2024-01-30,DE,mobile
1893,2024-01-30,UK,mobile
1894,2024-01-03,UK,tablet
1895,2024-01-04,US,desktop
1896,2024-01-05,CA,desktop
1897,2024-01-29,DE,tablet
1898,2024-01-10,US,tablet
1899,2024-01-29,UK,desktop
1900,2024-01-05,CA,mobile
1901,2024-01-06,US,tablet
1902,2024-01-20,US,desktop
1903,2024-01-08,UK,mobile
1904,2024-01-01,US,desktop
1905,2024-01-16,US,desktop
1906,2024-01-16,CA,mobile
1907,2024-01-28,US,mobile
1908,2024-01-06,US,mobile
1909,2024-01-25,DE,tablet
1910,2024-01-14,US,desktop
1911,2024-01-07,CA,mobile
1912,2024-01-30,DE,mobile
1913,2024-01-20,US,mobile
1914,2024-01-15,AU,mobile
1915,2024-01-25,US,desktop
1916,2024-01-13,CA,mobile
1917,2024-01-24,UK,mobile
1918,2024-01-21,AU,desktop
1919,2024-01-17,US,mobile
1920,2024-01-29,US,tablet
1921,2024-01-17,UK,tablet
1922,2024-01-02,UK,mobile
1923,2024-01-21,DE,mobile
1924,2024-01-15,US,mobile
1925,2024-01-27,US,mobile
1926,2024-01-10,UK,mobile
1927,2024-01-17,AU,mobile
1928,2024-01-21,US,desktop
1929,2024-01-04,US,desktop
1930,2024-01-29,UK,mobile
1931,2024-01-14,US,mobile
1932,2024-01-15,UK,desktop
1933,2024-01-07,AU,mobile
1934,2024-01-11,UK,tablet
1935,2024-01-26,US,desktop
1936,2024-01-03,US,mobile
1937,2024-01-12,US,desktop
1938,2024-01-24,CA,mobile
1939,2024-01-06,US,mobile
1940,2024-01-25,US,mobile
1941,2024-01-28,UK,mobile
1942,2024-01-28,US,desktop
1943,2024-01-02,US,mobile
1944,2024-01-25,DE,mobile
1945,2024-01-06,US,mobile
1946,2024-01-07,US,desktop
1947,2024-01-01,US,desktop
1948,2024-01-18,CA,desktop
1949,2024-01-16,US,desktop
1950,2024-01-16,US,mobile
1951,2024-01-20,UK,mobile
1952,2024-01-18,US,desktop
1953,2024-01-27,CA,mobile
1954,2024-01-05,US,mobile
1955,2024-01-05,AU,desktop
1956,2024-01-27,UK,mobile
1957,2024-01-03,US,mobile
1958,2024-01-06,US,mobile
1959,2024-01-22,UK,desktop
1960,2024-01-26,UK,tablet
1961,2024-01-24,UK,tablet
1962,2024-01-03,CA,mobile
1963,2024-01-29,US,mobile
1964,2024-01-14,CA,mobile
1965,2024-01-16,US,desktop
1966,2024-01-09,US,mobile
1967,2024-01-07,UK,desktop
1968,2024-01-04,UK,tablet
1969,2024-01-17,DE,mobile
1970,2024-01-23,UK,desktop
1971,2024-01-23,US,desktop
1972,2024-01-11,US,desktop
1973,2024-01-20,US,mobile
1974,2024-01-19,US,desktop
1975,2024-01-16,US,mobile
1976,2024-01-20,US,mobile
1977,2024-01-07,US,mobile
1978,2024-01-21,CA,desktop
1979,2024-01-07,CA,tablet
1980,2024-01-14,US,mobile
1981,2024-01-26,UK,mobile
1982,2024-01-07,UK,mobile
1983,2024-01-03,US,mobile
1984,2024-01-11,CA,mobile
1985,2024-01-11,US,desktop
1986,2024-01-20,DE,desktop
1987,2024-01-07,US,mobile
1988,2024-01-22,US,mobile
1989,2024-01-02,UK,mobile
1990,2024-01-21,US,desktop
1991,2024-01-29,US,desktop
1992,2024-01-14,AU,mobile
1993,2024-01-17,US,desktop
1994,2024-01-11,UK,mobile
1995,2024-01-19,UK,desktop
1996,2024-01-29,CA,mobile
1997,2024-01-05,US,mobile
1998,2024-01-13,UK,desktop
1999,2024-01-19,UK,mobile
2000,2024-01-04,AU,desktop
