user_id,experiment_name,variant,assigned_at
1,product_page_redesign,B,2024-01-23
2,product_page_redesign,A,2024-01-28
3,product_page_redesign,B,2024-01-11
4,product_page_redesign,A,2024-01-23
5,product_page_redesign,B,2024-01-02
6,product_page_redesign,A,2024-01-09
7,product_page_redesign,B,2024-01-14
8,product_page_redesign,A,2024-01-03
9,product_page_redesign,B,2024-01-16
10,product_page_redesign,A,2024-01-29
11,product_page_redesign,B,2024-01-08
12,product_page_redesign,A,2024-01-12
13,product_page_redesign,B,2024-01-15
14,product_page_redesign,A,2024-01-27
15,product_page_redesign,B,2024-01-10
16,product_page_redesign,A,2024-01-07
17,product_page_redesign,B,2024-01-17
18,product_page_redesign,A,2024-01-10
19,product_page_redesign,B,2024-01-06
20,product_page_redesign,A,2024-01-04
21,product_page_redesign,B,2024-01-12
22,product_page_redesign,A,2024-01-26
23,product_page_redesign,B,2024-01-02
24,product_page_redesign,A,2024-01-25
25,product_page_redesign,B,2024-01-07
26,product_page_redesign,A,2024-01-30
27,product_page_redesign,B,2024-01-03
28,product_page_redesign,A,2024-01-15
29,product_page_redesign,B,2024-01-17
30,product_page_redesign,A,2024-01-01
31,product_page_redesign,B,2024-01-26
32,product_page_redesign,A,2024-01-16
33,product_page_redesign,B,2024-01-29
34,product_page_redesign,A,2024-01-17
35,product_page_redesign,B,2024-01-05
36,product_page_redesign,A,2024-01-07
37,product_page_redesign,B,2024-01-11
38,product_page_redesign,A,2024-01-30
39,product_page_redesign,B,2024-01-16
40,product_page_redesign,A,2024-01-24
41,product_page_redesign,B,2024-01-28
42,product_page_redesign,A,2024-01-17
43,product_page_redesign,B,2024-01-10
44,product_page_redesign,A,2024-01-25
45,product_page_redesign,B,2024-01-11
46,product_page_redesign,A,2024-01-05
47,product_page_redesign,B,2024-01-25
48,product_page_redesign,A,2024-01-28
49,product_page_redesign,B,2024-01-04
50,product_page_redesign,A,2024-01-27
51,product_page_redesign,B,2024-01-17
52,product_page_redesign,A,2024-01-22
53,product_page_redesign,B,2024-01-05
54,product_page_redesign,A,2024-01-07
55,product_page_redesign,B,2024-01-24
56,product_page_redesign,A,2024-01-02
57,product_page_redesign,B,2024-01-15
58,product_page_redesign,A,2024-01-13
59,product_page_redesign,B,2024-01-23
60,product_page_redesign,A,2024-01-28
61,product_page_redesign,B,2024-01-17
62,product_page_redesign,A,2024-01-04
63,product_page_redesign,B,2024-01-01
64,product_page_redesign,A,2024-01-10
65,product_page_redesign,B,2024-01-30
66,product_page_redesign,A,2024-01-02
67,product_page_redesign,B,2024-01-22
68,product_page_redesign,A,2024-01-28
69,product_page_redesign,B,2024-01-20
70,product_page_redesign,A,2024-01-28
71,product_page_redesign,B,2024-01-03
72,product_page_redesign,A,2024-01-11
73,product_page_redesign,B,2024-01-15
74,product_page_redesign,A,2024-01-29
75,product_page_redesign,B,2024-01-02
76,product_page_redesign,A,2024-01-04
77,product_page_redesign,B,2024-01-17
78,product_page_redesign,A,2024-01-25
79,product_page_redesign,B,2024-01-22
80,product_page_redesign,A,2024-01-24
81,product_page_redesign,B,2024-01-10
82,product_page_redesign,A,2024-01-01
83,product_page_redesign,B,2024-01-19
84,product_page_redesign,A,2024-01-25
85,product_page_redesign,B,2024-01-10
86,product_page_redesign,A,2024-01-21
87,product_page_redesign,B,2024-01-29
88,product_page_redesign,A,2024-01-07
89,product_page_redesign,B,2024-01-11
90,product_page_redesign,A,2024-01-07
91,product_page_redesign,B,2024-01-07
92,product_page_redesign,A,2024-01-10
93,product_page_redesign,B,2024-01-09
94,product_page_redesign,A,2024-01-18
95,product_page_redesign,B,2024-01-11
96,product_page_redesign,A,2024-01-25
97,product_page_redesign,B,2024-01-15
98,product_page_redesign,A,2024-01-22
99,product_page_redesign,B,2024-01-04
100,product_page_redesign,A,2024-01-09
101,product_page_redesign,B,2024-01-05
102,product_page_redesign,A,2024-01-06
103,product_page_redesign,B,2024-01-09
104,product_page_redesign,A,2024-01-04
105,product_page_redesign,B,2024-01-01
106,product_page_redesign,A,2024-01-20
107,product_page_redesign,B,2024-01-18
108,product_page_redesign,A,2024-01-17
109,product_page_redesign,B,2024-01-04
110,product_page_redesign,A,2024-01-07
111,product_page_redesign,B,2024-01-18
112,product_page_redesign,A,2024-01-12
113,product_page_redesign,B,2024-01-18
114,product_page_redesign,A,2024-01-11
115,product_page_redesign,B,2024-01-09
116,product_page_redesign,A,2024-01-05
117,product_page_redesign,B,2024-01-23
118,product_page_redesign,A,2024-01-26
119,product_page_redesign,B,2024-01-10
120,product_page_redesign,A,2024-01-19
121,product_page_redesign,B,2024-01-08
122,product_page_redesign,A,2024-01-06
123,product_page_redesign,B,2024-01-03
124,product_page_redesign,A,2024-01-10
125,product_page_redesign,B,2024-01-20
126,product_page_redesign,A,2024-01-29
127,product_page_redesign,B,2024-01-11
128,product_page_redesign,A,2024-01-18
129,product_page_redesign,B,2024-01-15
130,product_page_redesign,A,2024-01-02
131,product_page_redesign,B,2024-01-05
132,product_page_redesign,A,2024-01-01
133,product_page_redesign,B,2024-01-16
134,product_page_redesign,A,2024-01-29
135,product_page_redesign,B,2024-01-22
136,product_page_redesign,A,2024-01-02
137,product_page_redesign,B,2024-01-04
138,product_page_redesign,A,2024-01-13
139,product_page_redesign,B,2024-01-02
140,product_page_redesign,A,2024-01-03
141,product_page_redesign,B,2024-01-14
142,product_page_redesign,A,2024-01-13
143,product_page_redesign,B,2024-01-06
144,product_page_redesign,A,2024-01-23
145,product_page_redesign,B,2024-01-20
146,product_page_redesign,A,2024-01-29
147,product_page_redesign,B,2024-01-19
148,product_page_redesign,A,2024-01-21
149,product_page_redesign,B,2024-01-27
150,product_page_redesign,A,2024-01-23
151,product_page_redesign,B,2024-01-23
152,product_page_redesign,A,2024-01-15
153,product_page_redesign,B,2024-01-20
154,product_page_redesign,A,2024-01-12
155,product_page_redesign,B,2024-01-10
156,product_page_redesign,A,2024-01-11
157,product_page_redesign,B,2024-01-27
158,product_page_redesign,A,2024-01-07
159,product_page_redesign,B,2024-01-23
160,product_page_redesign,A,2024-01-25
161,product_page_redesign,B,2024-01-22
162,product_page_redesign,A,2024-01-26
163,product_page_redesign,B,2024-01-18
164,product_page_redesign,A,2024-01-03
165,product_page_redesign,B,2024-01-30
166,product_page_redesign,A,2024-01-25
167,product_page_redesign,B,2024-01-25
168,product_page_redesign,A,2024-01-15
169,product_page_redesign,B,2024-01-19
170,product_page_redesign,A,2024-01-05
171,product_page_redesign,B,2024-01-03
172,product_page_redesign,A,2024-01-27
173,product_page_redesign,B,2024-01-26
174,product_page_redesign,A,2024-01-30
175,product_page_redesign,B,2024-01-23
176,product_page_redesign,A,2024-01-15
177,product_page_redesign,B,2024-01-04
178,product_page_redesign,A,2024-01-15
179,product_page_redesign,B,2024-01-10
180,product_page_redesign,A,2024-01-22
181,product_page_redesign,B,2024-01-21
182,product_page_redesign,A,2024-01-23
183,product_page_redesign,B,2024-01-25
184,product_page_redesign,A,2024-01-15
185,product_page_redesign,B,2024-01-16
186,product_page_redesign,A,2024-01-08
187,product_page_redesign,B,2024-01-08
188,product_page_redesign,A,2024-01-05
189,product_page_redesign,B,2024-01-28
190,product_page_redesign,A,2024-01-29
191,product_page_redesign,B,2024-01-20
192,product_page_redesign,A,2024-01-09
193,product_page_redesign,B,2024-01-30
194,product_page_redesign,A,2024-01-12
195,product_page_redesign,B,2024-01-13
196,product_page_redesign,A,2024-01-06
197,product_page_redesign,B,2024-01-23
198,product_page_redesign,A,2024-01-30
199,product_page_redesign,B,2024-01-22
200,product_page_redesign,A,2024-01-11
201,product_page_redesign,B,2024-01-26
202,product_page_redesign,A,2024-01-28
203,product_page_redesign,B,2024-01-29
204,product_page_redesign,A,2024-01-11
205,product_page_redesign,B,2024-01-15
206,product_page_redesign,A,2024-01-16
207,product_page_redesign,B,2024-01-01
208,product_page_redesign,A,2024-01-03
209,product_page_redesign,B,2024-01-16
210,product_page_redesign,A,2024-01-04
211,product_page_redesign,B,2024-01-12
212,product_page_redesign,A,2024-01-16
213,product_page_redesign,B,2024-01-15
214,product_page_redesign,A,2024-01-28
215,product_page_redesign,B,2024-01-06
216,product_page_redesign,A,2024-01-10
217,product_page_redesign,B,2024-01-25
218,product_page_redesign,A,2024-01-12
219,product_page_redesign,B,2024-01-20
220,product_page_redesign,A,2024-01-19
221,product_page_redesign,B,2024-01-05
222,product_page_redesign,A,2024-01-17
223,product_page_redesign,B,2024-01-04
224,product_page_redesign,A,2024-01-13
225,product_page_redesign,B,2024-01-27
226,product_page_redesign,A,2024-01-23
227,product_page_redesign,B,2024-01-26
228,product_page_redesign,A,2024-01-04
229,product_page_redesign,B,2024-01-11
230,product_page_redesign,A,2024-01-18
231,product_page_redesign,B,2024-01-21
232,product_page_redesign,A,2024-01-03
233,product_page_redesign,B,2024-01-26
234,product_page_redesign,A,2024-01-10
235,product_page_redesign,B,2024-01-18
236,product_page_redesign,A,2024-01-15
237,product_page_redesign,B,2024-01-13
238,product_page_redesign,A,2024-01-19
239,product_page_redesign,B,2024-01-14
240,product_page_redesign,A,2024-01-08
241,product_page_redesign,B,2024-01-20
242,product_page_redesign,A,2024-01-08
243,product_page_redesign,B,2024-01-18
244,product_page_redesign,A,2024-01-06
245,product_page_redesign,B,2024-01-16
246,product_page_redesign,A,2024-01-13
247,product_page_redesign,B,2024-01-03
248,product_page_redesign,A,2024-01-11
249,product_page_redesign,B,2024-01-07
250,product_page_redesign,A,2024-01-27
251,product_page_redesign,B,2024-01-23
252,product_page_redesign,A,2024-01-19
253,product_page_redesign,B,2024-01-14
254,product_page_redesign,A,2024-01-26
255,product_page_redesign,B,2024-01-14
256,product_page_redesign,A,2024-01-19
257,product_page_redesign,B,2024-01-26
258,product_page_redesign,A,2024-01-11
259,product_page_redesign,B,2024-01-18
260,product_page_redesign,A,2024-01-23
261,product_page_redesign,B,2024-01-08
262,product_page_redesign,A,2024-01-06
263,product_page_redesign,B,2024-01-22
264,product_page_redesign,A,2024-01-22
265,product_page_redesign,B,2024-01-03
266,product_page_redesign,A,2024-01-24
267,product_page_redesign,B,2024-01-30
268,product_page_redesign,A,2024-01-23
269,product_page_redesign,B,2024-01-19
270,product_page_redesign,A,2024-01-27
271,product_page_redesign,B,2024-01-16
272,product_page_redesign,A,2024-01-04
273,product_page_redesign,B,2024-01-19
274,product_page_redesign,A,2024-01-20
275,product_page_redesign,B,2024-01-15
276,product_page_redesign,A,2024-01-11
277,product_page_redesign,B,2024-01-18
278,product_page_redesign,A,2024-01-04
279,product_page_redesign,B,2024-01-27
280,product_page_redesign,A,2024-01-15
281,product_page_redesign,B,2024-01-06
282,product_page_redesign,A,2024-01-10
283,product_page_redesign,B,2024-01-13
284,product_page_redesign,A,2024-01-03
285,product_page_redesign,B,2024-01-20
286,product_page_redesign,A,2024-01-04
287,product_page_redesign,B,2024-01-22
288,product_page_redesign,A,2024-01-27
289,product_page_redesign,B,2024-01-20
290,product_page_redesign,A,2024-01-25
291,product_page_redesign,B,2024-01-27
292,product_page_redesign,A,2024-01-13
293,product_page_redesign,B,2024-01-11
294,product_page_redesign,A,2024-01-16
295,product_page_redesign,B,2024-01-21
296,product_page_redesign,A,2024-01-22
297,product_page_redesign,B,2024-01-02
298,product_page_redesign,A,2024-01-03
299,product_page_redesign,B,2024-01-07
300,product_page_redesign,A,2024-01-27
301,product_page_redesign,B,2024-01-05
302,product_page_redesign,A,2024-01-29
303,product_page_redesign,B,2024-01-19
304,product_page_redesign,A,2024-01-29
305,product_page_redesign,B,2024-01-25
306,product_page_redesign,A,2024-01-21
307,product_page_redesign,B,2024-01-26
308,product_page_redesign,A,2024-01-01
309,product_page_redesign,B,2024-01-25
310,product_page_redesign,A,2024-01-05
311,product_page_redesign,B,2024-01-22
312,product_page_redesign,A,2024-01-05
313,product_page_redesign,B,2024-01-15
314,product_page_redesign,A,2024-01-18
315,product_page_redesign,B,2024-01-10
316,product_page_redesign,A,2024-01-13
317,product_page_redesign,B,2024-01-20
318,product_page_redesign,A,2024-01-19
319,product_page_redesign,B,2024-01-15
320,product_page_redesign,A,2024-01-07
321,product_page_redesign,B,2024-01-07
322,product_page_redesign,A,2024-01-22
323,product_page_redesign,B,2024-01-29
324,product_page_redesign,A,2024-01-11
325,product_page_redesign,B,2024-01-10
326,product_page_redesign,A,2024-01-19
327,product_page_redesign,B,2024-01-26
328,product_page_redesign,A,2024-01-30
329,product_page_redesign,B,2024-01-22
330,product_page_redesign,A,2024-01-10
331,product_page_redesign,B,2024-01-30
332,product_page_redesign,A,2024-01-30
333,product_page_redesign,B,2024-01-14
334,product_page_redesign,A,2024-01-23
335,product_page_redesign,B,2024-01-30
336,product_page_redesign,A,2024-01-12
337,product_page_redesign,B,2024-01-03
338,product_page_redesign,A,2024-01-19
339,product_page_redesign,B,2024-01-01
340,product_page_redesign,A,2024-01-20
341,product_page_redesign,B,2024-01-17
342,product_page_redesign,A,2024-01-13
343,product_page_redesign,B,2024-01-28
344,product_page_redesign,A,2024-01-05
345,product_page_redesign,B,2024-01-28
346,product_page_redesign,A,2024-01-10
347,product_page_redesign,B,2024-01-02
348,product_page_redesign,A,2024-01-12
349,product_page_redesign,B,2024-01-29
350,product_page_redesign,A,2024-01-18
351,product_page_redesign,B,2024-01-02
352,product_page_redesign,A,2024-01-01
353,product_page_redesign,B,2024-01-23
354,product_page_redesign,A,2024-01-18
355,product_page_redesign,B,2024-01-27
356,product_page_redesign,A,2024-01-12
357,product_page_redesign,B,2024-01-04
358,product_page_redesign,A,2024-01-28
359,product_page_redesign,B,2024-01-10
360,product_page_redesign,A,2024-01-28
361,product_page_redesign,B,2024-01-01
362,product_page_redesign,A,2024-01-08
363,product_page_redesign,B,2024-01-14
364,product_page_redesign,A,2024-01-23
365,product_page_redesign,B,2024-01-19
366,product_page_redesign,A,2024-01-13
367,product_page_redesign,B,2024-01-21
368,product_page_redesign,A,2024-01-11
369,product_page_redesign,B,2024-01-23
370,product_page_redesign,A,2024-01-13
371,product_page_redesign,B,2024-01-13
372,product_page_redesign,A,2024-01-13
373,product_page_redesign,B,2024-01-14
374,product_page_redesign,A,2024-01-18
375,product_page_redesign,B,2024-01-07
376,product_page_redesign,A,2024-01-22
377,product_page_redesign,B,2024-01-06
378,product_page_redesign,A,2024-01-16
379,product_page_redesign,B,2024-01-05
380,product_page_redesign,A,2024-01-07
381,product_page_redesign,B,2024-01-18
382,product_page_redesign,A,2024-01-13
383,product_page_redesign,B,2024-01-27
384,product_page_redesign,A,2024-01-30
385,product_page_redesign,B,2024-01-12
386,product_page_redesign,A,2024-01-27
387,product_page_redesign,B,2024-01-14
388,product_page_redesign,A,2024-01-05
389,product_page_redesign,B,2024-01-10
390,product_page_redesign,A,2024-01-28
391,product_page_redesign,B,2024-01-22
392,product_page_redesign,A,2024-01-05
393,product_page_redesign,B,2024-01-05
394,product_page_redesign,A,2024-01-01
395,product_page_redesign,B,2024-01-03
396,product_page_redesign,A,2024-01-21
397,product_page_redesign,B,2024-01-01
398,product_page_redesign,A,2024-01-05
399,product_page_redesign,B,2024-01-24
400,product_page_redesign,A,2024-01-29
401,product_page_redesign,B,2024-01-16
402,product_page_redesign,A,2024-01-22
403,product_page_redesign,B,2024-01-14
404,product_page_redesign,A,2024-01-05
405,product_page_redesign,B,2024-01-03
406,product_page_redesign,A,2024-01-05
407,product_page_redesign,B,2024-01-21
408,product_page_redesign,A,2024-01-26
409,product_page_redesign,B,2024-01-14
410,product_page_redesign,A,2024-01-28
411,product_page_redesign,B,2024-01-15
412,product_page_redesign,A,2024-01-29
413,product_page_redesign,B,2024-01-26
414,product_page_redesign,A,2024-01-23
415,product_page_redesign,B,2024-01-20
416,product_page_redesign,A,2024-01-30
417,product_page_redesign,B,2024-01-14
418,product_page_redesign,A,2024-01-20
419,product_page_redesign,B,2024-01-06
420,product_page_redesign,A,2024-01-15
421,product_page_redesign,B,2024-01-17
422,product_page_redesign,A,2024-01-14
423,product_page_redesign,B,2024-01-18
424,product_page_redesign,A,2024-01-27
425,product_page_redesign,B,2024-01-15
426,product_page_redesign,A,2024-01-13
427,product_page_redesign,B,2024-01-12
428,product_page_redesign,A,2024-01-08
429,product_page_redesign,B,2024-01-06
430,product_page_redesign,A,2024-01-14
431,product_page_redesign,B,2024-01-20
432,product_page_redesign,A,2024-01-01
433,product_page_redesign,B,2024-01-19
434,product_page_redesign,A,2024-01-16
435,product_page_redesign,B,2024-01-28
436,product_page_redesign,A,2024-01-24
437,product_page_redesign,B,2024-01-08
438,product_page_redesign,A,2024-01-23
439,product_page_redesign,B,2024-01-17
440,product_page_redesign,A,2024-01-09
441,product_page_redesign,B,2024-01-14
442,product_page_redesign,A,2024-01-30
443,product_page_redesign,B,2024-01-18
444,product_page_redesign,A,2024-01-19
445,product_page_redesign,B,2024-01-12
446,product_page_redesign,A,2024-01-02
447,product_page_redesign,B,2024-01-02
448,product_page_redesign,A,2024-01-19
449,product_page_redesign,B,2024-01-16
450,product_page_redesign,A,2024-01-23
451,product_page_redesign,B,2024-01-12
452,product_page_redesign,A,2024-01-04
453,product_page_redesign,B,2024-01-19
454,product_page_redesign,A,2024-01-16
455,product_page_redesign,B,2024-01-23
456,product_page_redesign,A,2024-01-03
457,product_page_redesign,B,2024-01-05
458,product_page_redesign,A,2024-01-24
459,product_page_redesign,B,2024-01-24
460,product_page_redesign,A,2024-01-17
461,product_page_redesign,B,2024-01-28
462,product_page_redesign,A,2024-01-25
463,product_page_redesign,B,2024-01-25
464,product_page_redesign,A,2024-01-09
465,product_page_redesign,B,2024-01-15
466,product_page_redesign,A,2024-01-17
467,product_page_redesign,B,2024-01-03
468,product_page_redesign,A,2024-01-17
469,product_page_redesign,B,2024-01-29
470,product_page_redesign,A,2024-01-20
471,product_page_redesign,B,2024-01-03
472,product_page_redesign,A,2024-01-08
473,product_page_redesign,B,2024-01-16
474,product_page_redesign,A,2024-01-21
475,product_page_redesign,B,2024-01-24
476,product_page_redesign,A,2024-01-22
477,product_page_redesign,B,2024-01-22
478,product_page_redesign,A,2024-01-03
479,product_page_redesign,B,2024-01-22
480,product_page_redesign,A,2024-01-21
481,product_page_redesign,B,2024-01-18
482,product_page_redesign,A,2024-01-26
483,product_page_redesign,B,2024-01-19
484,product_page_redesign,A,2024-01-10
485,product_page_redesign,B,2024-01-20
486,product_page_redesign,A,2024-01-02
487,product_page_redesign,B,2024-01-29
488,product_page_redesign,A,2024-01-11
489,product_page_redesign,B,2024-01-18
490,product_page_redesign,A,2024-01-25
491,product_page_redesign,B,2024-01-01
492,product_page_redesign,A,2024-01-16
493,product_page_redesign,B,2024-01-15
494,product_page_redesign,A,2024-01-17
495,product_page_redesign,B,2024-01-29
496,product_page_redesign,A,2024-01-16
497,product_page_redesign,B,2024-01-19
498,product_page_redesign,A,2024-01-24
499,product_page_redesign,B,2024-01-11
500,product_page_redesign,A,2024-01-14
501,product_page_redesign,B,2024-01-12
502,product_page_redesign,A,2024-01-26
503,product_page_redesign,B,2024-01-10
504,product_page_redesign,A,2024-01-10
505,product_page_redesign,B,2024-01-06
506,product_page_redesign,A,2024-01-02
507,product_page_redesign,B,2024-01-23
508,product_page_redesign,A,2024-01-30
509,product_page_redesign,B,2024-01-20
510,product_page_redesign,A,2024-01-24
511,product_page_redesign,B,2024-01-10
512,product_page_redesign,A,2024-01-24
513,product_page_redesign,B,2024-01-26
514,product_page_redesign,A,2024-01-19
515,product_page_redesign,B,2024-01-09
516,product_page_redesign,A,2024-01-02
517,product_page_redesign,B,2024-01-21
518,product_page_redesign,A,2024-01-16
519,product_page_redesign,B,2024-01-19
520,product_page_redesign,A,2024-01-06
521,product_page_redesign,B,2024-01-19
522,product_page_redesign,A,2024-01-02
523,product_page_redesign,B,2024-01-22
524,product_page_redesign,A,2024-01-10
525,product_page_redesign,B,2024-01-26
526,product_page_redesign,A,2024-01-24
527,product_page_redesign,B,2024-01-20
528,product_page_redesign,A,2024-01-01
529,product_page_redesign,B,2024-01-10
530,product_page_redesign,A,2024-01-16
531,product_page_redesign,B,2024-01-03
532,product_page_redesign,A,2024-01-05
533,product_page_redesign,B,2024-01-17
534,product_page_redesign,A,2024-01-03
535,product_page_redesign,B,2024-01-28
536,product_page_redesign,A,2024-01-26
537,product_page_redesign,B,2024-01-09
538,product_page_redesign,A,2024-01-09
539,product_page_redesign,B,2024-01-05
540,product_page_redesign,A,2024-01-20
541,product_page_redesign,B,2024-01-09
542,product_page_redesign,A,2024-01-09
543,product_page_redesign,B,2024-01-28
544,product_page_redesign,A,2024-01-09
545,product_page_redesign,B,2024-01-01
546,product_page_redesign,A,2024-01-24
547,product_page_redesign,B,2024-01-04
548,product_page_redesign,A,2024-01-20
549,product_page_redesign,B,2024-01-06
550,product_page_redesign,A,2024-01-30
551,product_page_redesign,B,2024-01-19
552,product_page_redesign,A,2024-01-24
553,product_page_redesign,B,2024-01-05
554,product_page_redesign,A,2024-01-22
555,product_page_redesign,B,2024-01-15
556,product_page_redesign,A,2024-01-12
557,product_page_redesign,B,2024-01-26
558,product_page_redesign,A,2024-01-06
559,product_page_redesign,B,2024-01-09
560,product_page_redesign,A,2024-01-26
561,product_page_redesign,B,2024-01-23
562,product_page_redesign,A,2024-01-08
563,product_page_redesign,B,2024-01-16
564,product_page_redesign,A,2024-01-06
565,product_page_redesign,B,2024-01-26
566,product_page_redesign,A,2024-01-17
567,product_page_redesign,B,2024-01-28
568,product_page_redesign,A,2024-01-02
569,product_page_redesign,B,2024-01-11
570,product_page_redesign,A,2024-01-03
571,product_page_redesign,B,2024-01-05
572,product_page_redesign,A,2024-01-20
573,product_page_redesign,B,2024-01-30
574,product_page_redesign,A,2024-01-27
575,product_page_redesign,B,2024-01-05
576,product_page_redesign,A,2024-01-27
577,product_page_redesign,B,2024-01-16
578,product_page_redesign,A,2024-01-25
579,product_page_redesign,B,2024-01-14
580,product_page_redesign,A,2024-01-25
581,product_page_redesign,B,2024-01-13
582,product_page_redesign,A,2024-01-08
583,product_page_redesign,B,2024-01-22
584,product_page_redesign,A,2024-01-15
585,product_page_redesign,B,2024-01-24
586,product_page_redesign,A,2024-01-21
587,product_page_redesign,B,2024-01-06
588,product_page_redesign,A,2024-01-07
589,product_page_redesign,B,2024-01-19
590,product_page_redesign,A,2024-01-24
591,product_page_redesign,B,2024-01-27
592,product_page_redesign,A,2024-01-12
593,product_page_redesign,B,2024-01-02
594,product_page_redesign,A,2024-01-21
595,product_page_redesign,B,2024-01-09
596,product_page_redesign,A,2024-01-25
597,product_page_redesign,B,2024-01-27
598,product_page_redesign,A,2024-01-04
599,product_page_redesign,B,2024-01-02
600,product_page_redesign,A,2024-01-06
601,product_page_redesign,B,2024-01-15
602,product_page_redesign,A,2024-01-13
603,product_page_redesign,B,2024-01-16
604,product_page_redesign,A,2024-01-10
605,product_page_redesign,B,2024-01-16
606,product_page_redesign,A,2024-01-24
607,product_page_redesign,B,2024-01-25
608,product_page_redesign,A,2024-01-30
609,product_page_redesign,B,2024-01-18
610,product_page_redesign,A,2024-01-08
611,product_page_redesign,B,2024-01-13
612,product_page_redesign,A,2024-01-22
613,product_page_redesign,B,2024-01-23
614,product_page_redesign,A,2024-01-13
615,product_page_redesign,B,2024-01-16
616,product_page_redesign,A,2024-01-09
617,product_page_redesign,B,2024-01-05
618,product_page_redesign,A,2024-01-17
619,product_page_redesign,B,2024-01-28
620,product_page_redesign,A,2024-01-14
621,product_page_redesign,B,2024-01-01
622,product_page_redesign,A,2024-01-10
623,product_page_redesign,B,2024-01-30
624,product_page_redesign,A,2024-01-26
625,product_page_redesign,B,2024-01-15
626,product_page_redesign,A,2024-01-13
627,product_page_redesign,B,2024-01-22
628,product_page_redesign,A,2024-01-11
629,product_page_redesign,B,2024-01-17
630,product_page_redesign,A,2024-01-22
631,product_page_redesign,B,2024-01-02
632,product_page_redesign,A,2024-01-04
633,product_page_redesign,B,2024-01-30
634,product_page_redesign,A,2024-01-18
635,product_page_redesign,B,2024-01-21
636,product_page_redesign,A,2024-01-12
637,product_page_redesign,B,2024-01-28
638,product_page_redesign,A,2024-01-14
639,product_page_redesign,B,2024-01-20
640,product_page_redesign,A,2024-01-30
641,product_page_redesign,B,2024-01-21
642,product_page_redesign,A,2024-01-28
643,product_page_redesign,B,2024-01-09
644,product_page_redesign,A,2024-01-11
645,product_page_redesign,B,2024-01-09
646,product_page_redesign,A,2024-01-09
647,product_page_redesign,B,2024-01-26
648,product_page_redesign,A,2024-01-04
649,product_page_redesign,B,2024-01-09
650,product_page_redesign,A,2024-01-21
651,product_page_redesign,B,2024-01-19
652,product_page_redesign,A,2024-01-13
653,product_page_redesign,B,2024-01-15
654,product_page_redesign,A,2024-01-25
655,product_page_redesign,B,2024-01-22
656,product_page_redesign,A,2024-01-24
657,product_page_redesign,B,2024-01-08
658,product_page_redesign,A,2024-01-24
659,product_page_redesign,B,2024-01-22
660,product_page_redesign,A,2024-01-19
661,product_page_redesign,B,2024-01-25
662,product_page_redesign,A,2024-01-07
663,product_page_redesign,B,2024-01-17
664,product_page_redesign,A,2024-01-11
665,product_page_redesign,B,2024-01-22
666,product_page_redesign,A,2024-01-23
667,product_page_redesign,B,2024-01-06
668,product_page_redesign,A,2024-01-11
669,product_page_redesign,B,2024-01-18
670,product_page_redesign,A,2024-01-01
671,product_page_redesign,B,2024-01-22
672,product_page_redesign,A,2024-01-01
673,product_page_redesign,B,2024-01-27
674,product_page_redesign,A,2024-01-03
675,product_page_redesign,B,2024-01-01
676,product_page_redesign,A,2024-01-14
677,product_page_redesign,B,2024-01-04
678,product_page_redesign,A,2024-01-17
679,product_page_redesign,B,2024-01-04
680,product_page_redesign,A,2024-01-22
681,product_page_redesign,B,2024-01-15
682,product_page_redesign,A,2024-01-12
683,product_page_redesign,B,2024-01-08
684,product_page_redesign,A,2024-01-24
685,product_page_redesign,B,2024-01-10
686,product_page_redesign,A,2024-01-09
687,product_page_redesign,B,2024-01-07
688,product_page_redesign,A,2024-01-02
689,product_page_redesign,B,2024-01-01
690,product_page_redesign,A,2024-01-20
691,product_page_redesign,B,2024-01-03
692,product_page_redesign,A,2024-01-02
693,product_page_redesign,B,2024-01-20
694,product_page_redesign,A,2024-01-22
695,product_page_redesign,B,2024-01-29
696,product_page_redesign,A,2024-01-27
697,product_page_redesign,B,2024-01-07
698,product_page_redesign,A,2024-01-20
699,product_page_redesign,B,2024-01-21
700,product_page_redesign,A,2024-01-04
701,product_page_redesign,B,2024-01-23
702,product_page_redesign,A,2024-01-04
703,product_page_redesign,B,2024-01-03
704,product_page_redesign,A,2024-01-28
705,product_page_redesign,B,2024-01-20
706,product_page_redesign,A,2024-01-05
707,product_page_redesign,B,2024-01-13
708,product_page_redesign,A,2024-01-22
709,product_page_redesign,B,2024-01-25
710,product_page_redesign,A,2024-01-29
711,product_page_redesign,B,2024-01-21
712,product_page_redesign,A,2024-01-19
713,product_page_redesign,B,2024-01-26
714,product_page_redesign,A,2024-01-06
715,product_page_redesign,B,2024-01-29
716,product_page_redesign,A,2024-01-04
717,product_page_redesign,B,2024-01-23
718,product_page_redesign,A,2024-01-06
719,product_page_redesign,B,2024-01-09
720,product_page_redesign,A,2024-01-10
721,product_page_redesign,B,2024-01-15
722,product_page_redesign,A,2024-01-22
723,product_page_redesign,B,2024-01-30
724,product_page_redesign,A,2024-01-03
725,product_page_redesign,B,2024-01-21
726,product_page_redesign,A,2024-01-15
727,product_page_redesign,B,2024-01-30
728,product_page_redesign,A,2024-01-09
729,product_page_redesign,B,2024-01-25
730,product_page_redesign,A,2024-01-14
731,product_page_redesign,B,2024-01-23
732,product_page_redesign,A,2024-01-29
733,product_page_redesign,B,2024-01-22
734,product_page_redesign,A,2024-01-25
735,product_page_redesign,B,2024-01-25
736,product_page_redesign,A,2024-01-11
737,product_page_redesign,B,2024-01-09
738,product_page_redesign,A,2024-01-06
739,product_page_redesign,B,2024-01-25
740,product_page_redesign,A,2024-01-03
741,product_page_redesign,B,2024-01-09
742,product_page_redesign,A,2024-01-25
743,product_page_redesign,B,2024-01-02
744,product_page_redesign,A,2024-01-13
745,product_page_redesign,B,2024-01-13
746,product_page_redesign,A,2024-01-11
747,product_page_redesign,B,2024-01-02
748,product_page_redesign,A,2024-01-09
749,product_page_redesign,B,2024-01-27
750,product_page_redesign,A,2024-01-09
751,product_page_redesign,B,2024-01-06
752,product_page_redesign,A,2024-01-15
753,product_page_redesign,B,2024-01-03
754,product_page_redesign,A,2024-01-16
755,product_page_redesign,B,2024-01-30
756,product_page_redesign,A,2024-01-07
757,product_page_redesign,B,2024-01-20
758,product_page_redesign,A,2024-01-13
759,product_page_redesign,B,2024-01-06
760,product_page_redesign,A,2024-01-21
761,product_page_redesign,B,2024-01-16
762,product_page_redesign,A,2024-01-04
763,product_page_redesign,B,2024-01-05
764,product_page_redesign,A,2024-01-18
765,product_page_redesign,B,2024-01-25
766,product_page_redesign,A,2024-01-14
767,product_page_redesign,B,2024-01-07
768,product_page_redesign,A,2024-01-20
769,product_page_redesign,B,2024-01-21
770,product_page_redesign,A,2024-01-04
771,product_page_redesign,B,2024-01-30
772,product_page_redesign,A,2024-01-15
773,product_page_redesign,B,2024-01-23
774,product_page_redesign,A,2024-01-09
775,product_page_redesign,B,2024-01-04
776,product_page_redesign,A,2024-01-02
777,product_page_redesign,B,2024-01-03
778,product_page_redesign,A,2024-01-03
779,product_page_redesign,B,2024-01-19
780,product_page_redesign,A,2024-01-24
781,product_page_redesign,B,2024-01-09
782,product_page_redesign,A,2024-01-25
783,product_page_redesign,B,2024-01-15
784,product_page_redesign,A,2024-01-01
785,product_page_redesign,B,2024-01-29
786,product_page_redesign,A,2024-01-16
787,product_page_redesign,B,2024-01-05
788,product_page_redesign,A,2024-01-21
789,product_page_redesign,B,2024-01-21
790,product_page_redesign,A,2024-01-01
791,product_page_redesign,B,2024-01-30
792,product_page_redesign,A,2024-01-02
793,product_page_redesign,B,2024-01-22
794,product_page_redesign,A,2024-01-13
795,product_page_redesign,B,2024-01-09
796,product_page_redesign,A,2024-01-05
797,product_page_redesign,B,2024-01-23
798,product_page_redesign,A,2024-01-11
799,product_page_redesign,B,2024-01-29
800,product_page_redesign,A,2024-01-13
801,product_page_redesign,B,2024-01-19
802,product_page_redesign,A,2024-01-01
803,product_page_redesign,B,2024-01-17
804,product_page_redesign,A,2024-01-23
805,product_page_redesign,B,2024-01-25
806,product_page_redesign,A,2024-01-16
807,product_page_redesign,B,2024-01-16
808,product_page_redesign,A,2024-01-14
809,product_page_redesign,B,2024-01-13
810,product_page_redesign,A,2024-01-28
811,product_page_redesign,B,2024-01-24
812,product_page_redesign,A,2024-01-25
813,product_page_redesign,B,2024-01-26
814,product_page_redesign,A,2024-01-26
815,product_page_redesign,B,2024-01-03
816,product_page_redesign,A,2024-01-18
817,product_page_redesign,B,2024-01-08
818,product_page_redesign,A,2024-01-01
819,product_page_redesign,B,2024-01-13
820,product_page_redesign,A,2024-01-23
821,product_page_redesign,B,2024-01-27
822,product_page_redesign,A,2024-01-25
823,product_page_redesign,B,2024-01-16
824,product_page_redesign,A,2024-01-04
825,product_page_redesign,B,2024-01-19
826,product_page_redesign,A,2024-01-18
827,product_page_redesign,B,2024-01-30
828,product_page_redesign,A,2024-01-12
829,product_page_redesign,B,2024-01-11
830,product_page_redesign,A,2024-01-22
831,product_page_redesign,B,2024-01-10
832,product_page_redesign,A,2024-01-13
833,product_page_redesign,B,2024-01-02
834,product_page_redesign,A,2024-01-21
835,product_page_redesign,B,2024-01-21
836,product_page_redesign,A,2024-01-03
837,product_page_redesign,B,2024-01-12
838,product_page_redesign,A,2024-01-18
839,product_page_redesign,B,2024-01-28
840,product_page_redesign,A,2024-01-11
841,product_page_redesign,B,2024-01-03
842,product_page_redesign,A,2024-01-27
843,product_page_redesign,B,2024-01-15
844,product_page_redesign,A,2024-01-25
845,product_page_redesign,B,2024-01-25
846,product_page_redesign,A,2024-01-10
847,product_page_redesign,B,2024-01-21
848,product_page_redesign,A,2024-01-07
849,product_page_redesign,B,2024-01-06
850,product_page_redesign,A,2024-01-18
851,product_page_redesign,B,2024-01-02
852,product_page_redesign,A,2024-01-13
853,product_page_redesign,B,2024-01-22
854,product_page_redesign,A,2024-01-07
855,product_page_redesign,B,2024-01-10
856,product_page_redesign,A,2024-01-23
857,product_page_redesign,B,2024-01-13
858,product_page_redesign,A,2024-01-29
859,product_page_redesign,B,2024-01-04
860,product_page_redesign,A,2024-01-21
861,product_page_redesign,B,2024-01-23
862,product_page_redesign,A,2024-01-12
863,product_page_redesign,B,2024-01-16
864,product_page_redesign,A,2024-01-03
865,product_page_redesign,B,2024-01-29
866,product_page_redesign,A,2024-01-21
867,product_page_redesign,B,2024-01-15
868,product_page_redesign,A,2024-01-24
869,product_page_redesign,B,2024-01-07
870,product_page_redesign,A,2024-01-05
871,product_page_redesign,B,2024-01-02
872,product_page_redesign,A,2024-01-07
873,product_page_redesign,B,2024-01-01
874,product_page_redesign,A,2024-01-24
875,product_page_redesign,B,2024-01-19
876,product_page_redesign,A,2024-01-08
877,product_page_redesign,B,2024-01-16
878,product_page_redesign,A,2024-01-13
879,product_page_redesign,B,2024-01-03
880,product_page_redesign,A,2024-01-26
881,product_page_redesign,B,2024-01-18
882,product_page_redesign,A,2024-01-21
883,product_page_redesign,B,2024-01-10
884,product_page_redesign,A,2024-01-16
885,product_page_redesign,B,2024-01-18
886,product_page_redesign,A,2024-01-27
887,product_page_redesign,B,2024-01-26
888,product_page_redesign,A,2024-01-15
889,product_page_redesign,B,2024-01-01
890,product_page_redesign,A,2024-01-02
891,product_page_redesign,B,2024-01-11
892,product_page_redesign,A,2024-01-02
893,product_page_redesign,B,2024-01-11
894,product_page_redesign,A,2024-01-26
895,product_page_redesign,B,2024-01-24
896,product_page_redesign,A,2024-01-02
897,product_page_redesign,B,2024-01-13
898,product_page_redesign,A,2024-01-04
899,product_page_redesign,B,2024-01-07
900,product_page_redesign,A,2024-01-26
901,product_page_redesign,B,2024-01-21
902,product_page_redesign,A,2024-01-22
903,product_page_redesign,B,2024-01-17
904,product_page_redesign,A,2024-01-15
905,product_page_redesign,B,2024-01-22
906,product_page_redesign,A,2024-01-28
907,product_page_redesign,B,2024-01-28
908,product_page_redesign,A,2024-01-18
909,product_page_redesign,B,2024-01-05
910,product_page_redesign,A,2024-01-24
911,product_page_redesign,B,2024-01-19
912,product_page_redesign,A,2024-01-08
913,product_page_redesign,B,2024-01-30
914,product_page_redesign,A,2024-01-03
915,product_page_redesign,B,2024-01-02
916,product_page_redesign,A,2024-01-24
917,product_page_redesign,B,2024-01-05
918,product_page_redesign,A,2024-01-16
919,product_page_redesign,B,2024-01-21
920,product_page_redesign,A,2024-01-01
921,product_page_redesign,B,2024-01-16
922,product_page_redesign,A,2024-01-30
923,product_page_redesign,B,2024-01-30
924,product_page_redesign,A,2024-01-20
925,product_page_redesign,B,2024-01-02
926,product_page_redesign,A,2024-01-08
927,product_page_redesign,B,2024-01-23
928,product_page_redesign,A,2024-01-21
929,product_page_redesign,B,2024-01-05
930,product_page_redesign,A,2024-01-01
931,product_page_redesign,B,2024-01-06
932,product_page_redesign,A,2024-01-21
933,product_page_redesign,B,2024-01-02
934,product_page_redesign,A,2024-01-29
935,product_page_redesign,B,2024-01-10
936,product_page_redesign,A,2024-01-27
937,product_page_redesign,B,2024-01-26
938,product_page_redesign,A,2024-01-04
939,product_page_redesign,B,2024-01-15
940,product_page_redesign,A,2024-01-20
941,product_page_redesign,B,2024-01-06
942,product_page_redesign,A,2024-01-27
943,product_page_redesign,B,2024-01-19
944,product_page_redesign,A,2024-01-03
945,product_page_redesign,B,2024-01-27
946,product_page_redesign,A,2024-01-27
947,product_page_redesign,B,2024-01-04
948,product_page_redesign,A,2024-01-04
949,product_page_redesign,B,2024-01-16
950,product_page_redesign,A,2024-01-20
951,product_page_redesign,B,2024-01-26
952,product_page_redesign,A,2024-01-20
953,product_page_redesign,B,2024-01-08
954,product_page_redesign,A,2024-01-03
955,product_page_redesign,B,2024-01-26
956,product_page_redesign,A,2024-01-07
957,product_page_redesign,B,2024-01-14
958,product_page_redesign,A,2024-01-11
959,product_page_redesign,B,2024-01-26
960,product_page_redesign,A,2024-01-27
961,product_page_redesign,B,2024-01-24
962,product_page_redesign,A,2024-01-22
963,product_page_redesign,B,2024-01-13
964,product_page_redesign,A,2024-01-11
965,product_page_redesign,B,2024-01-04
966,product_page_redesign,A,2024-01-22
967,product_page_redesign,B,2024-01-19
968,product_page_redesign,A,2024-01-18
969,product_page_redesign,B,2024-01-05
970,product_page_redesign,A,2024-01-11
971,product_page_redesign,B,2024-01-27
972,product_page_redesign,A,2024-01-26
973,product_page_redesign,B,2024-01-07
974,product_page_redesign,A,2024-01-25
975,product_page_redesign,B,2024-01-02
976,product_page_redesign,A,2024-01-19
977,product_page_redesign,B,2024-01-06
978,product_page_redesign,A,2024-01-11
979,product_page_redesign,B,2024-01-03
980,product_page_redesign,A,2024-01-04
981,product_page_redesign,B,2024-01-09
982,product_page_redesign,A,2024-01-05
983,product_page_redesign,B,2024-01-25
984,product_page_redesign,A,2024-01-14
985,product_page_redesign,B,2024-01-06
986,product_page_redesign,A,2024-01-23
987,product_page_redesign,B,2024-01-12
988,product_page_redesign,A,2024-01-18
989,product_page_redesign,B,2024-01-06
990,product_page_redesign,A,2024-01-15
991,product_page_redesign,B,2024-01-08
992,product_page_redesign,A,2024-01-30
993,product_page_redesign,B,2024-01-19
994,product_page_redesign,A,2024-01-02
995,product_page_redesign,B,2024-01-05
996,product_page_redesign,A,2024-01-04
997,product_page_redesign,B,2024-01-26
998,product_page_redesign,A,2024-01-28
999,product_page_redesign,B,2024-01-21
1000,product_page_redesign,A,2024-01-20
1001,product_page_redesign,B,2024-01-13
1002,product_page_redesign,A,2024-01-25
1003,product_page_redesign,B,2024-01-06
1004,product_page_redesign,A,2024-01-01
1005,product_page_redesign,B,2024-01-29
1006,product_page_redesign,A,2024-01-16
1007,product_page_redesign,B,2024-01-03
1008,product_page_redesign,A,2024-01-01
1009,product_page_redesign,B,2024-01-01
1010,product_page_redesign,A,2024-01-06
1011,product_page_redesign,B,2024-01-30
1012,product_page_redesign,A,2024-01-03
1013,product_page_redesign,B,2024-01-23
1014,product_page_redesign,A,2024-01-21
1015,product_page_redesign,B,2024-01-19
1016,product_page_redesign,A,2024-01-29
1017,product_page_redesign,B,2024-01-10
1018,product_page_redesign,A,2024-01-14
1019,product_page_redesign,B,2024-01-23
1020,product_page_redesign,A,2024-01-26
1021,product_page_redesign,B,2024-01-26
1022,product_page_redesign,A,2024-01-25
1023,product_page_redesign,B,2024-01-16
1024,product_page_redesign,A,2024-01-23
1025,product_page_redesign,B,2024-01-05
1026,product_page_redesign,A,2024-01-07
1027,product_page_redesign,B,2024-01-05
1028,product_page_redesign,A,2024-01-21
1029,product_page_redesign,B,2024-01-09
1030,product_page_redesign,A,2024-01-17
1031,product_page_redesign,B,2024-01-15
1032,product_page_redesign,A,2024-01-14
1033,product_page_redesign,B,2024-01-08
1034,product_page_redesign,A,2024-01-06
1035,product_page_redesign,B,2024-01-20
1036,product_page_redesign,A,2024-01-23
1037,product_page_redesign,B,2024-01-02
1038,product_page_redesign,A,2024-01-20
1039,product_page_redesign,B,2024-01-06
1040,product_page_redesign,A,2024-01-23
1041,product_page_redesign,B,2024-01-16
1042,product_page_redesign,A,2024-01-20
1043,product_page_redesign,B,2024-01-03
1044,product_page_redesign,A,2024-01-21
1045,product_page_redesign,B,2024-01-27
1046,product_page_redesign,A,2024-01-26
1047,product_page_redesign,B,2024-01-10
1048,product_page_redesign,A,2024-01-12
1049,product_page_redesign,B,2024-01-14
1050,product_page_redesign,A,2024-01-01
1051,product_page_redesign,B,2024-01-18
1052,product_page_redesign,A,2024-01-08
1053,product_page_redesign,B,2024-01-07
1054,product_page_redesign,A,2024-01-04
1055,product_page_redesign,B,2024-01-17
1056,product_page_redesign,A,2024-01-04
1057,product_page_redesign,B,2024-01-20
1058,product_page_redesign,A,2024-01-12
1059,product_page_redesign,B,2024-01-28
1060,product_page_redesign,A,2024-01-25
1061,product_page_redesign,B,2024-01-18
1062,product_page_redesign,A,2024-01-17
1063,product_page_redesign,B,2024-01-08
1064,product_page_redesign,A,2024-01-15
1065,product_page_redesign,B,2024-01-25
1066,product_page_redesign,A,2024-01-21
1067,product_page_redesign,B,2024-01-22
1068,product_page_redesign,A,2024-01-07
1069,product_page_redesign,B,2024-01-09
1070,product_page_redesign,A,2024-01-02
1071,product_page_redesign,B,2024-01-07
1072,product_page_redesign,A,2024-01-04
1073,product_page_redesign,B,2024-01-26
1074,product_page_redesign,A,2024-01-05
1075,product_page_redesign,B,2024-01-22
1076,product_page_redesign,A,2024-01-28
1077,product_page_redesign,B,2024-01-30
1078,product_page_redesign,A,2024-01-16
1079,product_page_redesign,B,2024-01-16
1080,product_page_redesign,A,2024-01-06
1081,product_page_redesign,B,2024-01-06
1082,product_page_redesign,A,2024-01-22
1083,product_page_redesign,B,2024-01-30
1084,product_page_redesign,A,2024-01-02
1085,product_page_redesign,B,2024-01-02
1086,product_page_redesign,A,2024-01-21
1087,product_page_redesign,B,2024-01-12
1088,product_page_redesign,A,2024-01-10
1089,product_page_redesign,B,2024-01-07
1090,product_page_redesign,A,2024-01-14
1091,product_page_redesign,B,2024-01-09
1092,product_page_redesign,A,2024-01-11
1093,product_page_redesign,B,2024-01-20
1094,product_page_redesign,A,2024-01-26
1095,product_page_redesign,B,2024-01-29
1096,product_page_redesign,A,2024-01-25
1097,product_page_redesign,B,2024-01-15
1098,product_page_redesign,A,2024-01-02
1099,product_page_redesign,B,2024-01-04
1100,product_page_redesign,A,2024-01-24
1101,product_page_redesign,B,2024-01-02
1102,product_page_redesign,A,2024-01-30
1103,product_page_redesign,B,2024-01-18
1104,product_page_redesign,A,2024-01-06
1105,product_page_redesign,B,2024-01-06
1106,product_page_redesign,A,2024-01-26
1107,product_page_redesign,B,2024-01-01
1108,product_page_redesign,A,2024-01-16
1109,product_page_redesign,B,2024-01-17
1110,product_page_redesign,A,2024-01-04
1111,product_page_redesign,B,2024-01-03
1112,product_page_redesign,A,2024-01-29
1113,product_page_redesign,B,2024-01-08
1114,product_page_redesign,A,2024-01-24
1115,product_page_redesign,B,2024-01-15
1116,product_page_redesign,A,2024-01-19
1117,product_page_redesign,B,2024-01-19
1118,product_page_redesign,A,2024-01-11
1119,product_page_redesign,B,2024-01-14
1120,product_page_redesign,A,2024-01-07
1121,product_page_redesign,B,2024-01-24
1122,product_page_redesign,A,2024-01-22
1123,product_page_redesign,B,2024-01-29
1124,product_page_redesign,A,2024-01-11
1125,product_page_redesign,B,2024-01-08
1126,product_page_redesign,A,2024-01-25
1127,product_page_redesign,B,2024-01-04
1128,product_page_redesign,A,2024-01-11
1129,product_page_redesign,B,2024-01-08
1130,product_page_redesign,A,2024-01-04
1131,product_page_redesign,B,2024-01-08
1132,product_page_redesign,A,2024-01-24
1133,product_page_redesign,B,2024-01-14
1134,product_page_redesign,A,2024-01-28
1135,product_page_redesign,B,2024-01-07
1136,product_page_redesign,A,2024-01-13
1137,product_page_redesign,B,2024-01-29
1138,product_page_redesign,A,2024-01-08
1139,product_page_redesign,B,2024-01-03
1140,product_page_redesign,A,2024-01-16
1141,product_page_redesign,B,2024-01-19
1142,product_page_redesign,A,2024-01-16
1143,product_page_redesign,B,2024-01-02
1144,product_page_redesign,A,2024-01-29
1145,product_page_redesign,B,2024-01-14
1146,product_page_redesign,A,2024-01-05
1147,product_page_redesign,B,2024-01-07
1148,product_page_redesign,A,2024-01-30
1149,product_page_redesign,B,2024-01-20
1150,product_page_redesign,A,2024-01-15
1151,product_page_redesign,B,2024-01-06
1152,product_page_redesign,A,2024-01-13
1153,product_page_redesign,B,2024-01-12
1154,product_page_redesign,A,2024-01-05
1155,product_page_redesign,B,2024-01-15
1156,product_page_redesign,A,2024-01-24
1157,product_page_redesign,B,2024-01-07
1158,product_page_redesign,A,2024-01-21
1159,product_page_redesign,B,2024-01-12
1160,product_page_redesign,A,2024-01-09
1161,product_page_redesign,B,2024-01-07
1162,product_page_redesign,A,2024-01-11
1163,product_page_redesign,B,2024-01-05
1164,product_page_redesign,A,2024-01-02
1165,product_page_redesign,B,2024-01-23
1166,product_page_redesign,A,2024-01-19
1167,product_page_redesign,B,2024-01-02
1168,product_page_redesign,A,2024-01-09
1169,product_page_redesign,B,2024-01-05
1170,product_page_redesign,A,2024-01-04
1171,product_page_redesign,B,2024-01-28
1172,product_page_redesign,A,2024-01-15
1173,product_page_redesign,B,2024-01-15
1174,product_page_redesign,A,2024-01-14
1175,product_page_redesign,B,2024-01-06
1176,product_page_redesign,A,2024-01-25
1177,product_page_redesign,B,2024-01-11
1178,product_page_redesign,A,2024-01-08
1179,product_page_redesign,B,2024-01-29
1180,product_page_redesign,A,2024-01-10
1181,product_page_redesign,B,2024-01-20
1182,product_page_redesign,A,2024-01-06
1183,product_page_redesign,B,2024-01-26
1184,product_page_redesign,A,2024-01-26
1185,product_page_redesign,B,2024-01-21
1186,product_page_redesign,A,2024-01-20
1187,product_page_redesign,B,2024-01-29
1188,product_page_redesign,A,2024-01-06
1189,product_page_redesign,B,2024-01-19
1190,product_page_redesign,A,2024-01-18
1191,product_page_redesign,B,2024-01-28
1192,product_page_redesign,A,2024-01-08
1193,product_page_redesign,B,2024-01-03
1194,product_page_redesign,A,2024-01-14
1195,product_page_redesign,B,2024-01-28
1196,product_page_redesign,A,2024-01-17
1197,product_page_redesign,B,2024-01-16
1198,product_page_redesign,A,2024-01-28
1199,product_page_redesign,B,2024-01-07
1200,product_page_redesign,A,2024-01-19
1201,product_page_redesign,B,2024-01-16
1202,product_page_redesign,A,2024-01-27
1203,product_page_redesign,B,2024-01-15
1204,product_page_redesign,A,2024-01-09
1205,product_page_redesign,B,2024-01-01
1206,product_page_redesign,A,2024-01-24
1207,product_page_redesign,B,2024-01-14
1208,product_page_redesign,A,2024-01-24
1209,product_page_redesign,B,2024-01-28
1210,product_page_redesign,A,2024-01-08
1211,product_page_redesign,B,2024-01-08
1212,product_page_redesign,A,2024-01-11
1213,product_page_redesign,B,2024-01-14
1214,product_page_redesign,A,2024-01-19
1215,product_page_redesign,B,2024-01-08
1216,product_page_redesign,A,2024-01-29
1217,product_page_redesign,B,2024-01-30
1218,product_page_redesign,A,2024-01-19
1219,product_page_redesign,B,2024-01-05
1220,product_page_redesign,A,2024-01-30
1221,product_page_redesign,B,2024-01-19
1222,product_page_redesign,A,2024-01-29
1223,product_page_redesign,B,2024-01-01
1224,product_page_redesign,A,2024-01-14
1225,product_page_redesign,B,2024-01-02
1226,product_page_redesign,A,2024-01-02
1227,product_page_redesign,B,2024-01-16
1228,product_page_redesign,A,2024-01-24
1229,product_page_redesign,B,2024-01-25
1230,product_page_redesign,A,2024-01-17
1231,product_page_redesign,B,2024-01-02
1232,product_page_redesign,A,2024-01-14
1233,product_page_redesign,B,2024-01-17
1234,product_page_redesign,A,2024-01-13
1235,product_page_redesign,B,2024-01-16
1236,product_page_redesign,A,2024-01-26
1237,product_page_redesign,B,2024-01-26
1238,product_page_redesign,A,2024-01-23
1239,product_page_redesign,B,2024-01-27
1240,product_page_redesign,A,2024-01-04
1241,product_page_redesign,B,2024-01-15
1242,product_page_redesign,A,2024-01-16
1243,product_page_redesign,B,2024-01-08
1244,product_page_redesign,A,2024-01-03
1245,product_page_redesign,B,2024-01-18
1246,product_page_redesign,A,2024-01-25
1247,product_page_redesign,B,2024-01-01
1248,product_page_redesign,A,2024-01-23
1249,product_page_redesign,B,2024-01-24
1250,product_page_redesign,A,2024-01-14
1251,product_page_redesign,B,2024-01-07
1252,product_page_redesign,A,2024-01-05
1253,product_page_redesign,B,2024-01-12
1254,product_page_redesign,A,2024-01-10
1255,product_page_redesign,B,2024-01-08
1256,product_page_redesign,A,2024-01-21
1257,product_page_redesign,B,2024-01-03
1258,product_page_redesign,A,2024-01-01
1259,product_page_redesign,B,2024-01-16
1260,product_page_redesign,A,2024-01-22
1261,product_page_redesign,B,2024-01-10
1262,product_page_redesign,A,2024-01-06
1263,product_page_redesign,B,2024-01-23
1264,product_page_redesign,A,2024-01-15
1265,product_page_redesign,B,2024-01-28
1266,product_page_redesign,A,2024-01-19
1267,product_page_redesign,B,2024-01-24
1268,product_page_redesign,A,2024-01-19
1269,product_page_redesign,B,2024-01-01
1270,product_page_redesign,A,2024-01-15
1271,product_page_redesign,B,2024-01-15
1272,product_page_redesign,A,2024-01-25
1273,product_page_redesign,B,2024-01-05
1274,product_page_redesign,A,2024-01-28
1275,product_page_redesign,B,2024-01-23
1276,product_page_redesign,A,2024-01-13
1277,product_page_redesign,B,2024-01-06
1278,product_page_redesign,A,2024-01-26
1279,product_page_redesign,B,2024-01-28
1280,product_page_redesign,A,2024-01-12
1281,product_page_redesign,B,2024-01-21
1282,product_page_redesign,A,2024-01-15
1283,product_page_redesign,B,2024-01-23
1284,product_page_redesign,A,2024-01-21
1285,product_page_redesign,B,2024-01-01
1286,product_page_redesign,A,2024-01-28
1287,product_page_redesign,B,2024-01-21
1288,product_page_redesign,A,2024-01-03
1289,product_page_redesign,B,2024-01-13
1290,product_page_redesign,A,2024-01-29
1291,product_page_redesign,B,2024-01-23
1292,product_page_redesign,A,2024-01-11
1293,product_page_redesign,B,2024-01-17
1294,product_page_redesign,A,2024-01-02
1295,product_page_redesign,B,2024-01-10
1296,product_page_redesign,A,2024-01-14
1297,product_page_redesign,B,2024-01-25
1298,product_page_redesign,A,2024-01-09
1299,product_page_redesign,B,2024-01-23
1300,product_page_redesign,A,2024-01-20
1301,product_page_redesign,B,2024-01-18
1302,product_page_redesign,A,2024-01-19
1303,product_page_redesign,B,2024-01-26
1304,product_page_redesign,A,2024-01-07
1305,product_page_redesign,B,2024-01-26
1306,product_page_redesign,A,2024-01-22
1307,product_page_redesign,B,2024-01-03
1308,product_page_redesign,A,2024-01-20
1309,product_page_redesign,B,2024-01-29
1310,product_page_redesign,A,2024-01-11
1311,product_page_redesign,B,2024-01-24
1312,product_page_redesign,A,2024-01-30
1313,product_page_redesign,B,2024-01-02
1314,product_page_redesign,A,2024-01-17
1315,product_page_redesign,B,2024-01-30
1316,product_page_redesign,A,2024-01-22
1317,product_page_redesign,B,2024-01-12
1318,product_page_redesign,A,2024-01-29
1319,product_page_redesign,B,2024-01-02
1320,product_page_redesign,A,2024-01-04
1321,product_page_redesign,B,2024-01-13
1322,product_page_redesign,A,2024-01-12
1323,product_page_redesign,B,2024-01-15
1324,product_page_redesign,A,2024-01-20
1325,product_page_redesign,B,2024-01-02
1326,product_page_redesign,A,2024-01-12
1327,product_page_redesign,B,2024-01-12
1328,product_page_redesign,A,2024-01-06
1329,product_page_redesign,B,2024-01-21
1330,product_page_redesign,A,2024-01-18
1331,product_page_redesign,B,2024-01-23
1332,product_page_redesign,A,2024-01-03
1333,product_page_redesign,B,2024-01-18
1334,product_page_redesign,A,2024-01-23
1335,product_page_redesign,B,2024-01-25
1336,product_page_redesign,A,2024-01-07
1337,product_page_redesign,B,2024-01-05
1338,product_page_redesign,A,2024-01-11
1339,product_page_redesign,B,2024-01-08
1340,product_page_redesign,A,2024-01-18
1341,product_page_redesign,B,2024-01-04
1342,product_page_redesign,A,2024-01-21
1343,product_page_redesign,B,2024-01-16
1344,product_page_redesign,A,2024-01-24
1345,product_page_redesign,B,2024-01-25
1346,product_page_redesign,A,2024-01-19
1347,product_page_redesign,B,2024-01-28
1348,product_page_redesign,A,2024-01-23
1349,product_page_redesign,B,2024-01-07
1350,product_page_redesign,A,2024-01-25
1351,product_page_redesign,B,2024-01-24
1352,product_page_redesign,A,2024-01-25
1353,product_page_redesign,B,2024-01-08
1354,product_page_redesign,A,2024-01-11
1355,product_page_redesign,B,2024-01-12
1356,product_page_redesign,A,2024-01-29
1357,product_page_redesign,B,2024-01-09
1358,product_page_redesign,A,2024-01-17
1359,product_page_redesign,B,2024-01-22
1360,product_page_redesign,A,2024-01-14
1361,product_page_redesign,B,2024-01-09
1362,product_page_redesign,A,2024-01-02
1363,product_page_redesign,B,2024-01-03
1364,product_page_redesign,A,2024-01-12
1365,product_page_redesign,B,2024-01-12
1366,product_page_redesign,A,2024-01-15
1367,product_page_redesign,B,2024-01-16
1368,product_page_redesign,A,2024-01-17
1369,product_page_redesign,B,2024-01-17
1370,product_page_redesign,A,2024-01-27
1371,product_page_redesign,B,2024-01-04
1372,product_page_redesign,A,2024-01-16
1373,product_page_redesign,B,2024-01-23
1374,product_page_redesign,A,2024-01-18
1375,product_page_redesign,B,2024-01-22
1376,product_page_redesign,A,2024-01-27
1377,product_page_redesign,B,2024-01-18
1378,product_page_redesign,A,2024-01-29
1379,product_page_redesign,B,2024-01-10
1380,product_page_redesign,A,2024-01-15
1381,product_page_redesign,B,2024-01-20
1382,product_page_redesign,A,2024-01-12
1383,product_page_redesign,B,2024-01-26
1384,product_page_redesign,A,2024-01-22
1385,product_page_redesign,B,2024-01-23
1386,product_page_redesign,A,2024-01-26
1387,product_page_redesign,B,2024-01-29
1388,product_page_redesign,A,2024-01-03
1389,product_page_redesign,B,2024-01-07
1390,product_page_redesign,A,2024-01-29
1391,product_page_redesign,B,2024-01-29
1392,product_page_redesign,A,2024-01-15
1393,product_page_redesign,B,2024-01-03
1394,product_page_redesign,A,2024-01-03
1395,product_page_redesign,B,2024-01-13
1396,product_page_redesign,A,2024-01-29
1397,product_page_redesign,B,2024-01-06
1398,product_page_redesign,A,2024-01-10
1399,product_page_redesign,B,2024-01-03
1400,product_page_redesign,A,2024-01-04
1401,product_page_redesign,B,2024-01-06
1402,product_page_redesign,A,2024-01-09
1403,product_page_redesign,B,2024-01-04
1404,product_page_redesign,A,2024-01-23
1405,product_page_redesign,B,2024-01-05
1406,product_page_redesign,A,2024-01-16
1407,product_page_redesign,B,2024-01-05
1408,product_page_redesign,A,2024-01-28
1409,product_page_redesign,B,2024-01-07
1410,product_page_redesign,A,2024-01-17
1411,product_page_redesign,B,2024-01-21
1412,product_page_redesign,A,2024-01-01
1413,product_page_redesign,B,2024-01-10
1414,product_page_redesign,A,2024-01-14
1415,product_page_redesign,B,2024-01-22
1416,product_page_redesign,A,2024-01-18
1417,product_page_redesign,B,2024-01-30
1418,product_page_redesign,A,2024-01-05
1419,product_page_redesign,B,2024-01-16
1420,product_page_redesign,A,2024-01-12
1421,product_page_redesign,B,2024-01-14
1422,product_page_redesign,A,2024-01-15
1423,product_page_redesign,B,2024-01-24
1424,product_page_redesign,A,2024-01-21
1425,product_page_redesign,B,2024-01-01
1426,product_page_redesign,A,2024-01-10
1427,product_page_redesign,B,2024-01-07
1428,product_page_redesign,A,2024-01-03
1429,product_page_redesign,B,2024-01-01
1430,product_page_redesign,A,2024-01-28
1431,product_page_redesign,B,2024-01-26
1432,product_page_redesign,A,2024-01-08
1433,product_page_redesign,B,2024-01-27
1434,product_page_redesign,A,2024-01-17
1435,product_page_redesign,B,2024-01-21
1436,product_page_redesign,A,2024-01-11
1437,product_page_redesign,B,2024-01-14
1438,product_page_redesign,A,2024-01-19
1439,product_page_redesign,B,2024-01-11
1440,product_page_redesign,A,2024-01-21
1441,product_page_redesign,B,2024-01-21
1442,product_page_redesign,A,2024-01-26
1443,product_page_redesign,B,2024-01-11
1444,product_page_redesign,A,2024-01-16
1445,product_page_redesign,B,2024-01-19
1446,product_page_redesign,A,2024-01-22
1447,product_page_redesign,B,2024-01-23
1448,product_page_redesign,A,2024-01-17
1449,product_page_redesign,B,2024-01-27
1450,product_page_redesign,A,2024-01-18
1451,product_page_redesign,B,2024-01-15
1452,product_page_redesign,A,2024-01-15
1453,product_page_redesign,B,2024-01-10
1454,product_page_redesign,A,2024-01-19
1455,product_page_redesign,B,2024-01-05
1456,product_page_redesign,A,2024-01-29
1457,product_page_redesign,B,2024-01-26
1458,product_page_redesign,A,2024-01-10
1459,product_page_redesign,B,2024-01-06
1460,product_page_redesign,A,2024-01-26
1461,product_page_redesign,B,2024-01-09
1462,product_page_redesign,A,2024-01-08
1463,product_page_redesign,B,2024-01-16
1464,product_page_redesign,A,2024-01-12
1465,product_page_redesign,B,2024-01-10
1466,product_page_redesign,A,2024-01-25
1467,product_page_redesign,B,2024-01-28
1468,product_page_redesign,A,2024-01-02
1469,product_page_redesign,B,2024-01-05
1470,product_page_redesign,A,2024-01-12
1471,product_page_redesign,B,2024-01-10
1472,product_page_redesign,A,2024-01-15
1473,product_page_redesign,B,2024-01-06
1474,product_page_redesign,A,2024-01-20
1475,product_page_redesign,B,2024-01-30
1476,product_page_redesign,A,2024-01-06
1477,product_page_redesign,B,2024-01-23
1478,product_page_redesign,A,2024-01-18
1479,product_page_redesign,B,2024-01-10
1480,product_page_redesign,A,2024-01-06
1481,product_page_redesign,B,2024-01-06
1482,product_page_redesign,A,2024-01-27
1483,product_page_redesign,B,2024-01-23
1484,product_page_redesign,A,2024-01-23
1485,product_page_redesign,B,2024-01-29
1486,product_page_redesign,A,2024-01-22
1487,product_page_redesign,B,2024-01-26
1488,product_page_redesign,A,2024-01-05
1489,product_page_redesign,B,2024-01-06
1490,product_page_redesign,A,2024-01-08
1491,product_page_redesign,B,2024-01-04
1492,product_page_redesign,A,2024-01-02
1493,product_page_redesign,B,2024-01-11
1494,product_page_redesign,A,2024-01-19
1495,product_page_redesign,B,2024-01-05
1496,product_page_redesign,A,2024-01-15
1497,product_page_redesign,B,2024-01-09
1498,product_page_redesign,A,2024-01-12
1499,product_page_redesign,B,2024-01-06
1500,product_page_redesign,A,2024-01-07
1501,product_page_redesign,B,2024-01-18
1502,product_page_redesign,A,2024-01-23
1503,product_page_redesign,B,2024-01-02
1504,product_page_redesign,A,2024-01-22
1505,product_page_redesign,B,2024-01-11
1506,product_page_redesign,A,2024-01-12
1507,product_page_redesign,B,2024-01-05
1508,product_page_redesign,A,2024-01-12
1509,product_page_redesign,B,2024-01-15
1510,product_page_redesign,A,2024-01-18
1511,product_page_redesign,B,2024-01-06
1512,product_page_redesign,A,2024-01-18
1513,product_page_redesign,B,2024-01-10
1514,product_page_redesign,A,2024-01-04
1515,product_page_redesign,B,2024-01-30
1516,product_page_redesign,A,2024-01-01
1517,product_page_redesign,B,2024-01-13
1518,product_page_redesign,A,2024-01-30
1519,product_page_redesign,B,2024-01-16
1520,product_page_redesign,A,2024-01-25
1521,product_page_redesign,B,2024-01-05
1522,product_page_redesign,A,2024-01-15
1523,product_page_redesign,B,2024-01-30
1524,product_page_redesign,A,2024-01-11
1525,product_page_redesign,B,2024-01-05
1526,product_page_redesign,A,2024-01-01
1527,product_page_redesign,B,2024-01-24
1528,product_page_redesign,A,2024-01-18
1529,product_page_redesign,B,2024-01-17
1530,product_page_redesign,A,2024-01-11
1531,product_page_redesign,B,2024-01-21
1532,product_page_redesign,A,2024-01-23
1533,product_page_redesign,B,2024-01-10
1534,product_page_redesign,A,2024-01-16
1535,product_page_redesign,B,2024-01-29
1536,product_page_redesign,A,2024-01-10
1537,product_page_redesign,B,2024-01-25
1538,product_page_redesign,A,2024-01-19
1539,product_page_redesign,B,2024-01-22
1540,product_page_redesign,A,2024-01-05
1541,product_page_redesign,B,2024-01-26
1542,product_page_redesign,A,2024-01-19
1543,product_page_redesign,B,2024-01-24
1544,product_page_redesign,A,2024-01-30
1545,product_page_redesign,B,2024-01-30
1546,product_page_redesign,A,2024-01-15
1547,product_page_redesign,B,2024-01-11
1548,product_page_redesign,A,2024-01-23
1549,product_page_redesign,B,2024-01-04
1550,product_page_redesign,A,2024-01-24
1551,product_page_redesign,B,2024-01-16
1552,product_page_redesign,A,2024-01-29
1553,product_page_redesign,B,2024-01-02
1554,product_page_redesign,A,2024-01-05
1555,product_page_redesign,B,2024-01-22
1556,product_page_redesign,A,2024-01-18
1557,product_page_redesign,B,2024-01-04
1558,product_page_redesign,A,2024-01-10
1559,product_page_redesign,B,2024-01-01
1560,product_page_redesign,A,2024-01-13
1561,product_page_redesign,B,2024-01-20
1562,product_page_redesign,A,2024-01-27
1563,product_page_redesign,B,2024-01-08
1564,product_page_redesign,A,2024-01-15
1565,product_page_redesign,B,2024-01-12
1566,product_page_redesign,A,2024-01-03
1567,product_page_redesign,B,2024-01-11
1568,product_page_redesign,A,2024-01-02
1569,product_page_redesign,B,2024-01-20
1570,product_page_redesign,A,2024-01-21
1571,product_page_redesign,B,2024-01-07
1572,product_page_redesign,A,2024-01-19
1573,product_page_redesign,B,2024-01-17
1574,product_page_redesign,A,2024-01-08
1575,product_page_redesign,B,2024-01-26
1576,product_page_redesign,A,2024-01-30
1577,product_page_redesign,B,2024-01-25
1578,product_page_redesign,A,2024-01-09
1579,product_page_redesign,B,2024-01-07
1580,product_page_redesign,A,2024-01-01
1581,product_page_redesign,B,2024-01-03
1582,product_page_redesign,A,2024-01-18
1583,product_page_redesign,B,2024-01-28
1584,product_page_redesign,A,2024-01-15
1585,product_page_redesign,B,2024-01-22
1586,product_page_redesign,A,2024-01-22
1587,product_page_redesign,B,2024-01-03
1588,product_page_redesign,A,2024-01-17
1589,product_page_redesign,B,2024-01-13
1590,product_page_redesign,A,2024-01-07
1591,product_page_redesign,B,2024-01-16
1592,product_page_redesign,A,2024-01-11
1593,product_page_redesign,B,2024-01-20
1594,product_page_redesign,A,2024-01-20
1595,product_page_redesign,B,2024-01-17
1596,product_page_redesign,A,2024-01-02
1597,product_page_redesign,B,2024-01-30
1598,product_page_redesign,A,2024-01-22
1599,product_page_redesign,B,2024-01-12
1600,product_page_redesign,A,2024-01-13
1601,product_page_redesign,B,2024-01-05
1602,product_page_redesign,A,2024-01-23
1603,product_page_redesign,B,2024-01-28
1604,product_page_redesign,A,2024-01-14
1605,product_page_redesign,B,2024-01-12
1606,product_page_redesign,A,2024-01-13
1607,product_page_redesign,B,2024-01-12
1608,product_page_redesign,A,2024-01-01
1609,product_page_redesign,B,2024-01-10
1610,product_page_redesign,A,2024-01-12
1611,product_page_redesign,B,2024-01-12
1612,product_page_redesign,A,2024-01-10
1613,product_page_redesign,B,2024-01-15
1614,product_page_redesign,A,2024-01-28
1615,product_page_redesign,B,2024-01-18
1616,product_page_redesign,A,2024-01-03
1617,product_page_redesign,B,2024-01-07
1618,product_page_redesign,A,2024-01-24
1619,product_page_redesign,B,2024-01-29
1620,product_page_redesign,A,2024-01-15
1621,product_page_redesign,B,2024-01-24
1622,product_page_redesign,A,2024-01-14
1623,product_page_redesign,B,2024-01-26
1624,product_page_redesign,A,2024-01-15
1625,product_page_redesign,B,2024-01-10
1626,product_page_redesign,A,2024-01-06
1627,product_page_redesign,B,2024-01-26
1628,product_page_redesign,A,2024-01-24
1629,product_page_redesign,B,2024-01-29
1630,product_page_redesign,A,2024-01-14
1631,product_page_redesign,B,2024-01-24
1632,product_page_redesign,A,2024-01-29
1633,product_page_redesign,B,2024-01-14
1634,product_page_redesign,A,2024-01-05
1635,product_page_redesign,B,2024-01-27
1636,product_page_redesign,A,2024-01-19
1637,product_page_redesign,B,2024-01-20
1638,product_page_redesign,A,2024-01-03
1639,product_page_redesign,B,2024-01-05
1640,product_page_redesign,A,2024-01-07
1641,product_page_redesign,B,2024-01-10
1642,product_page_redesign,A,2024-01-16
1643,product_page_redesign,B,2024-01-28
1644,product_page_redesign,A,2024-01-17
1645,product_page_redesign,B,2024-01-11
1646,product_page_redesign,A,2024-01-03
1647,product_page_redesign,B,2024-01-30
1648,product_page_redesign,A,2024-01-19
1649,product_page_redesign,B,2024-01-25
1650,product_page_redesign,A,2024-01-13
1651,product_page_redesign,B,2024-01-03
1652,product_page_redesign,A,2024-01-01
1653,product_page_redesign,B,2024-01-14
1654,product_page_redesign,A,2024-01-21
1655,product_page_redesign,B,2024-01-30
1656,product_page_redesign,A,2024-01-09
1657,product_page_redesign,B,2024-01-14
1658,product_page_redesign,A,2024-01-06
1659,product_page_redesign,B,2024-01-18
1660,product_page_redesign,A,2024-01-15
1661,product_page_redesign,B,2024-01-23
1662,product_page_redesign,A,2024-01-19
1663,product_page_redesign,B,2024-01-25
1664,product_page_redesign,A,2024-01-30
1665,product_page_redesign,B,2024-01-05
1666,product_page_redesign,A,2024-01-07
1667,product_page_redesign,B,2024-01-06
1668,product_page_redesign,A,2024-01-27
1669,product_page_redesign,B,2024-01-13
1670,product_page_redesign,A,2024-01-10
1671,product_page_redesign,B,2024-01-18
1672,product_page_redesign,A,2024-01-16
1673,product_page_redesign,B,2024-01-02
1674,product_page_redesign,A,2024-01-27
1675,product_page_redesign,B,2024-01-27
1676,product_page_redesign,A,2024-01-10
1677,product_page_redesign,B,2024-01-27
1678,product_page_redesign,A,2024-01-19
1679,product_page_redesign,B,2024-01-10
1680,product_page_redesign,A,2024-01-16
1681,product_page_redesign,B,2024-01-18
1682,product_page_redesign,A,2024-01-24
1683,product_page_redesign,B,2024-01-15
1684,product_page_redesign,A,2024-01-08
1685,product_page_redesign,B,2024-01-01
1686,product_page_redesign,A,2024-01-26
1687,product_page_redesign,B,2024-01-01
1688,product_page_redesign,A,2024-01-05
1689,product_page_redesign,B,2024-01-09
1690,product_page_redesign,A,2024-01-10
1691,product_page_redesign,B,2024-01-21
1692,product_page_redesign,A,2024-01-27
1693,product_page_redesign,B,2024-01-21
1694,product_page_redesign,A,2024-01-16
1695,product_page_redesign,B,2024-01-04
1696,product_page_redesign,A,2024-01-21
1697,product_page_redesign,B,2024-01-22
1698,product_page_redesign,A,2024-01-29
1699,product_page_redesign,B,2024-01-10
1700,product_page_redesign,A,2024-01-14
1701,product_page_redesign,B,2024-01-06
1702,product_page_redesign,A,2024-01-16
1703,product_page_redesign,B,2024-01-30
1704,product_page_redesign,A,2024-01-23
1705,product_page_redesign,B,2024-01-21
1706,product_page_redesign,A,2024-01-08
1707,product_page_redesign,B,2024-01-01
1708,product_page_redesign,A,2024-01-04
1709,product_page_redesign,B,2024-01-25
1710,product_page_redesign,A,2024-01-09
1711,product_page_redesign,B,2024-01-16
1712,product_page_redesign,A,2024-01-03
1713,product_page_redesign,B,2024-01-20
1714,product_page_redesign,A,2024-01-24
1715,product_page_redesign,B,2024-01-12
1716,product_page_redesign,A,2024-01-19
1717,product_page_redesign,B,2024-01-16
1718,product_page_redesign,A,2024-01-19
1719,product_page_redesign,B,2024-01-14
1720,product_page_redesign,A,2024-01-28
1721,product_page_redesign,B,2024-01-09
1722,product_page_redesign,A,2024-01-21
1723,product_page_redesign,B,2024-01-22
1724,product_page_redesign,A,2024-01-16
1725,product_page_redesign,B,2024-01-23
1726,product_page_redesign,A,2024-01-27
1727,product_page_redesign,B,2024-01-04
1728,product_page_redesign,A,2024-01-12
1729,product_page_redesign,B,2024-01-17
1730,product_page_redesign,A,2024-01-24
1731,product_page_redesign,B,2024-01-19
1732,product_page_redesign,A,2024-01-01
1733,product_page_redesign,B,2024-01-28
1734,product_page_redesign,A,2024-01-09
1735,product_page_redesign,B,2024-01-06
1736,product_page_redesign,A,2024-01-19
1737,product_page_redesign,B,2024-01-02
1738,product_page_redesign,A,2024-01-05
1739,product_page_redesign,B,2024-01-11
1740,product_page_redesign,A,2024-01-15
1741,product_page_redesign,B,2024-01-29
1742,product_page_redesign,A,2024-01-23
1743,product_page_redesign,B,2024-01-05
1744,product_page_redesign,A,2024-01-12
1745,product_page_redesign,B,2024-01-06
1746,product_page_redesign,A,2024-01-02
1747,product_page_redesign,B,2024-01-09
1748,product_page_redesign,A,2024-01-12
1749,product_page_redesign,B,2024-01-14
1750,product_page_redesign,A,2024-01-21
1751,product_page_redesign,B,2024-01-30
1752,product_page_redesign,A,2024-01-12
1753,product_page_redesign,B,2024-01-02
1754,product_page_redesign,A,2024-01-10
1755,product_page_redesign,B,2024-01-10
1756,product_page_redesign,A,2024-01-17
1757,product_page_redesign,B,2024-01-21
1758,product_page_redesign,A,2024-01-30
1759,product_page_redesign,B,2024-01-03
1760,product_page_redesign,A,2024-01-17
1761,product_page_redesign,B,2024-01-07
1762,product_page_redesign,A,2024-01-25
1763,product_page_redesign,B,2024-01-21
1764,product_page_redesign,A,2024-01-06
1765,product_page_redesign,B,2024-01-25
1766,product_page_redesign,A,2024-01-04
1767,product_page_redesign,B,2024-01-20
1768,product_page_redesign,A,2024-01-25
1769,product_page_redesign,B,2024-01-06
1770,product_page_redesign,A,2024-01-18
1771,product_page_redesign,B,2024-01-11
1772,product_page_redesign,A,2024-01-28
1773,product_page_redesign,B,2024-01-11
1774,product_page_redesign,A,2024-01-27
1775,product_page_redesign,B,2024-01-28
1776,product_page_redesign,A,2024-01-22
1777,product_page_redesign,B,2024-01-26
1778,product_page_redesign,A,2024-01-10
1779,product_page_redesign,B,2024-01-09
1780,product_page_redesign,A,2024-01-22
1781,product_page_redesign,B,2024-01-23
1782,product_page_redesign,A,2024-01-23
1783,product_page_redesign,B,2024-01-12
1784,product_page_redesign,A,2024-01-04
1785,product_page_redesign,B,2024-01-18
1786,product_page_redesign,A,2024-01-19
1787,product_page_redesign,B,2024-01-12
1788,product_page_redesign,A,2024-01-27
1789,product_page_redesign,B,2024-01-05
1790,product_page_redesign,A,2024-01-01
1791,product_page_redesign,B,2024-01-05
1792,product_page_redesign,A,2024-01-17
1793,product_page_redesign,B,2024-01-10
1794,product_page_redesign,A,2024-01-12
1795,product_page_redesign,B,2024-01-25
1796,product_page_redesign,A,2024-01-16
1797,product_page_redesign,B,2024-01-14
1798,product_page_redesign,A,2024-01-11
1799,product_page_redesign,B,2024-01-30
1800,product_page_redesign,A,2024-01-30
1801,product_page_redesign,B,2024-01-06
1802,product_page_redesign,A,2024-01-04
1803,product_page_redesign,B,2024-01-07
1804,product_page_redesign,A,2024-01-05
1805,product_page_redesign,B,2024-01-17
1806,product_page_redesign,A,2024-01-08
1807,product_page_redesign,B,2024-01-27
1808,product_page_redesign,A,2024-01-07
1809,product_page_redesign,B,2024-01-26
1810,product_page_redesign,A,2024-01-29
1811,product_page_redesign,B,2024-01-18
1812,product_page_redesign,A,2024-01-20
1813,product_page_redesign,B,2024-01-23
1814,product_page_redesign,A,2024-01-27
1815,product_page_redesign,B,2024-01-17
1816,product_page_redesign,A,2024-01-28
1817,product_page_redesign,B,2024-01-18
1818,product_page_redesign,A,2024-01-23
1819,product_page_redesign,B,2024-01-18
1820,product_page_redesign,A,2024-01-23
1821,product_page_redesign,B,2024-01-25
1822,product_page_redesign,A,2024-01-26
1823,product_page_redesign,B,2024-01-04
1824,product_page_redesign,A,2024-01-14
1825,product_page_redesign,B,2024-01-15
1826,product_page_redesign,A,2024-01-30
1827,product_page_redesign,B,2024-01-03
1828,product_page_redesign,A,2024-01-04
1829,product_page_redesign,B,2024-01-27
1830,product_page_redesign,A,2024-01-05
1831,product_page_redesign,B,2024-01-30
1832,product_page_redesign,A,2024-01-01
1833,product_page_redesign,B,2024-01-16
1834,product_page_redesign,A,2024-01-12
1835,product_page_redesign,B,2024-01-10
1836,product_page_redesign,A,2024-01-23
1837,product_page_redesign,B,2024-01-12
1838,product_page_redesign,A,2024-01-05
1839,product_page_redesign,B,2024-01-27
1840,product_page_redesign,A,2024-01-15
1841,product_page_redesign,B,2024-01-29
1842,product_page_redesign,A,2024-01-20
1843,product_page_redesign,B,2024-01-17
1844,product_page_redesign,A,2024-01-25
1845,product_page_redesign,B,2024-01-11
1846,product_page_redesign,A,2024-01-06
1847,product_page_redesign,B,2024-01-23
1848,product_page_redesign,A,2024-01-10
1849,product_page_redesign,B,2024-01-01
1850,product_page_redesign,A,2024-01-24
1851,product_page_redesign,B,2024-01-27
1852,product_page_redesign,A,2024-01-04
1853,product_page_redesign,B,2024-01-08
1854,product_page_redesign,A,2024-01-05
1855,product_page_redesign,B,2024-01-28
1856,product_page_redesign,A,2024-01-23
1857,product_page_redesign,B,2024-01-05
1858,product_page_redesign,A,2024-01-23
1859,product_page_redesign,B,2024-01-08
1860,product_page_redesign,A,2024-01-10
1861,product_page_redesign,B,2024-01-05
1862,product_page_redesign,A,2024-01-07
1863,product_page_redesign,B,2024-01-05
1864,product_page_redesign,A,2024-01-03
1865,product_page_redesign,B,2024-01-14
1866,product_page_redesign,A,2024-01-23
1867,product_page_redesign,B,2024-01-25
1868,product_page_redesign,A,2024-01-26
1869,product_page_redesign,B,2024-01-04
1870,product_page_redesign,A,2024-01-03
1871,product_page_redesign,B,2024-01-01
1872,product_page_redesign,A,2024-01-25
1873,product_page_redesign,B,2024-01-16
1874,product_page_redesign,A,2024-01-25
1875,product_page_redesign,B,2024-01-14
1876,product_page_redesign,A,2024-01-02
1877,product_page_redesign,B,2024-01-07
1878,product_page_redesign,A,2024-01-04
1879,product_page_redesign,B,2024-01-02
1880,product_page_redesign,A,2024-01-26
1881,product_page_redesign,B,2024-01-22
1882,product_page_redesign,A,2024-01-17
1883,product_page_redesign,B,2024-01-19
1884,product_page_redesign,A,2024-01-02
1885,product_page_redesign,B,2024-01-16
1886,product_page_redesign,A,2024-01-04
1887,product_page_redesign,B,2024-01-30
1888,product_page_redesign,A,2024-01-09
1889,product_page_redesign,B,2024-01-02
1890,product_page_redesign,A,2024-01-03
1891,product_page_redesign,B,2024-01-10
1892,product_page_redesign,A,2024-01-22
1893,product_page_redesign,B,2024-01-01
1894,product_page_redesign,A,2024-01-25
1895,product_page_redesign,B,2024-01-04
1896,product_page_redesign,A,2024-01-26
1897,product_page_redesign,B,2024-01-04
1898,product_page_redesign,A,2024-01-30
1899,product_page_redesign,B,2024-01-20
1900,product_page_redesign,A,2024-01-07
1901,product_page_redesign,B,2024-01-19
1902,product_page_redesign,A,2024-01-29
1903,product_page_redesign,B,2024-01-07
1904,product_page_redesign,A,2024-01-06
1905,product_page_redesign,B,2024-01-22
1906,product_page_redesign,A,2024-01-12
1907,product_page_redesign,B,2024-01-01
1908,product_page_redesign,A,2024-01-03
1909,product_page_redesign,B,2024-01-05
1910,product_page_redesign,A,2024-01-28
1911,product_page_redesign,B,2024-01-24
1912,product_page_redesign,A,2024-01-09
1913,product_page_redesign,B,2024-01-19
1914,product_page_redesign,A,2024-01-12
1915,product_page_redesign,B,2024-01-12
1916,product_page_redesign,A,2024-01-06
1917,product_page_redesign,B,2024-01-28
1918,product_page_redesign,A,2024-01-17
1919,product_page_redesign,B,2024-01-25
1920,product_page_redesign,A,2024-01-24
1921,product_page_redesign,B,2024-01-20
1922,product_page_redesign,A,2024-01-08
1923,product_page_redesign,B,2024-01-17
1924,product_page_redesign,A,2024-01-19
1925,product_page_redesign,B,2024-01-03
1926,product_page_redesign,A,2024-01-04
1927,product_page_redesign,B,2024-01-27
1928,product_page_redesign,A,2024-01-19
1929,product_page_redesign,B,2024-01-25
1930,product_page_redesign,A,2024-01-01
1931,product_page_redesign,B,2024-01-17
1932,product_page_redesign,A,2024-01-07
1933,product_page_redesign,B,2024-01-23
1934,product_page_redesign,A,2024-01-07
1935,product_page_redesign,B,2024-01-10
1936,product_page_redesign,A,2024-01-06
1937,product_page_redesign,B,2024-01-29
1938,product_page_redesign,A,2024-01-25
1939,product_page_redesign,B,2024-01-18
1940,product_page_redesign,A,2024-01-01
1941,product_page_redesign,B,2024-01-24
1942,product_page_redesign,A,2024-01-04
1943,product_page_redesign,B,2024-01-30
1944,product_page_redesign,A,2024-01-07
1945,product_page_redesign,B,2024-01-30
1946,product_page_redesign,A,2024-01-17
1947,product_page_redesign,B,2024-01-28
1948,product_page_redesign,A,2024-01-23
1949,product_page_redesign,B,2024-01-16
1950,product_page_redesign,A,2024-01-12
1951,product_page_redesign,B,2024-01-23
1952,product_page_redesign,A,2024-01-19
1953,product_page_redesign,B,2024-01-06
1954,product_page_redesign,A,2024-01-15
1955,product_page_redesign,B,2024-01-22
1956,product_page_redesign,A,2024-01-04
1957,product_page_redesign,B,2024-01-06
1958,product_page_redesign,A,2024-01-27
1959,product_page_redesign,B,2024-01-12
1960,product_page_redesign,A,2024-01-13
1961,product_page_redesign,B,2024-01-14
1962,product_page_redesign,A,2024-01-07
1963,product_page_redesign,B,2024-01-17
1964,product_page_redesign,A,2024-01-08
1965,product_page_redesign,B,2024-01-14
1966,product_page_redesign,A,2024-01-04
1967,product_page_redesign,B,2024-01-25
1968,product_page_redesign,A,2024-01-11
1969,product_page_redesign,B,2024-01-04
1970,product_page_redesign,A,2024-01-15
1971,product_page_redesign,B,2024-01-04
1972,product_page_redesign,A,2024-01-17
1973,product_page_redesign,B,2024-01-05
1974,product_page_redesign,A,2024-01-16
1975,product_page_redesign,B,2024-01-25
1976,product_page_redesign,A,2024-01-12
1977,product_page_redesign,B,2024-01-23
1978,product_page_redesign,A,2024-01-10
1979,product_page_redesign,B,2024-01-18
1980,product_page_redesign,A,2024-01-24
1981,product_page_redesign,B,2024-01-02
1982,product_page_redesign,A,2024-01-03
1983,product_page_redesign,B,2024-01-11
1984,product_page_redesign,A,2024-01-16
1985,product_page_redesign,B,2024-01-04
1986,product_page_redesign,A,2024-01-13
1987,product_page_redesign,B,2024-01-10
1988,product_page_redesign,A,2024-01-15
1989,product_page_redesign,B,2024-01-20
1990,product_page_redesign,A,2024-01-24
1991,product_page_redesign,B,2024-01-10
1992,product_page_redesign,A,2024-01-22
1993,product_page_redesign,B,2024-01-27
1994,product_page_redesign,A,2024-01-15
1995,product_page_redesign,B,2024-01-08
1996,product_page_redesign,A,2024-01-18
1997,product_page_redesign,B,2024-01-14
1998,product_page_redesign,A,2024-01-10
1999,product_page_redesign,B,2024-01-28
2000,product_page_redesign,A,2024-01-14
